packet_rate,bandwidth,connection_count,unique_ip_count
1.2,5120.0,5.0,7.0
1.4548246895850996,-0.2916291591228741,0.30152990185093803,-0.788330532656356
-0.0071345042424016064,-0.04990587346347611,1.472067297762015,1.7280125895030716
-0.5468563461973955,0.3514857501561498,-1.1826520905131996,-1.468075277429669
-0.14618689760500023,0.7447323372598609,1.119694160770717,1.5225113488511528
0.6124688174082185,1.464362832751438,2.703001520807377,0.43545264833662517
-1.1053491193737448,-0.5307141491319146,1.003811282518193,-0.7592522562565563
-0.41387780399478746,-1.0803257968231506,0.06106206121199631,-1.1011378232113085
0.29059029071821096,-1.3376629298862035,-1.5610946950206954,-1.2672399434603425
-0.3564983664199405,0.8312713004542993,0.6269706303698256,-0.6214054829008148
-1.1757972003678892,0.2592423410079818,2.3932399261454407,-0.27825420821144253
-1.8963261823721855,1.0264633935605505,0.875769891636529,0.3787327974469807
0.7723521276108775,1.248752622958806,0.10424450894053398,0.41183943800595085
-2.53645272712625,-0.23271131616173507,0.2288689010441589,1.3718234869114878
-1.5199398383447582,-0.08253947124479427,-0.5634040627351206,-0.38034744825962125
1.8221159958516333,1.8636715194307985,-0.19850335997521143,0.8587530909973602
-0.2869835559553233,0.6675006626438893,-0.6575614510035339,-0.4788853551047064
-2.1418643494316227,0.7791551767938577,-2.0919629566608915,0.47996621112129956
-0.9005866100670544,0.9156051027900105,-0.4709040624099524,-0.3353059993617701
-0.5251005337665892,0.61518194036118,0.739373264235856,-0.040413451084207595
-0.403515225079358,-1.3991994389370428,-0.006554135694372953,-2.003078578502898
1.1504045829595917,1.7866274548215524,0.11593114652893358,0.1377988455595473
0.1466013932696374,-0.47162276575367146,-0.31884134102433603,-0.5025031904764812
0.4652106967049914,0.5536683949744361,1.3323008532434595,0.9221897429845926
-1.8128012459725267,0.28082828030359563,-1.6928091969632901,-0.7349908088935659
-0.8741521632281488,-1.0591017943369356,-0.2723599598076789,0.7765610591254549
0.11081090613400703,-1.1578832681580962,-0.514341867012632,2.040251365279239
-0.06826859647961683,-0.007143411125522216,0.4731951977632578,0.0074953011607027985
1.5976599852336406,0.24121105737227022,-0.35867183629420096,0.14394213027074476
0.3459500858331333,-0.29112505916415693,-0.01634943036537761,0.9754475771025888
-1.4254104543365862,-1.4428542791977896,0.6396084146296825,0.03829324205832314
0.027356183009716765,-0.6706880318082241,1.9145642257866502,0.940717445824488
0.4271330172751735,0.11654236916585031,0.6501505730859731,0.8163184202730343
1.4722561371534657,-0.5821434207527532,0.1311141124815452,0.5499157539055767
1.7454903832726505,0.46000592055045664,-1.00328729040033,1.1265654665403477
0.3902853651549492,0.8672299378672671,-1.1132134611942341,-1.2601758596518513
1.3322654350701484,-0.46823910478824843,0.31084008197072993,-1.5757253688646573
-0.7628928908288632,-0.9420977737948601,-0.9519555787450641,-1.3165385564997059
-0.9184699538356808,-2.3580160155802647,1.2618135002604474,0.10703758504424726
-0.3739955089169687,-0.1508686495005259,-0.3339369573415203,-2.1439803133179254
0.2063497339544998,0.3971893168405646,-0.8689828951785471,-1.2706240849028552
0.9417106515289269,0.48480497971044323,0.7213217661832612,-0.21463518481876623
-1.111866288025535,1.850814427077519,0.4465049681183691,-0.7871330109212251
-0.22117453728470735,-1.5269471768007348,0.882835732571997,-0.23859112423399825
0.21592966563536123,-1.0686061926374346,0.7164867411575786,-2.6724059215353217
0.07081129927749726,0.1389527185726812,-1.871982857769604,1.5718668998989385
0.25440548964295956,0.5891005236012847,0.06494573980573638,0.13928896567037993
0.32124865542584263,0.17979627464728795,-0.31801622249179684,-1.4697631811570642
0.6588896187299348,1.7834847968144922,-0.1255752405944126,-1.637142182675205
1.098911730257431,0.5428571886659,-0.7944425681591222,0.8502255235387377
-0.1962701375618527,0.005930493328855894,-0.3171813412828774,0.5575314859081717
0.30564870510609143,0.19961665959199706,-0.9767795399434525,1.7380777879092986
-0.31904602302263413,-0.261061836780003,-0.28396655888160466,-1.2955164017830272
-1.4293146525111156,-0.12124720442546608,-0.1051855313776767,-0.014894331001426207
0.2656522329994269,1.3275019485114619,0.20688597122942323,0.49953967284343287
0.5486360337706767,0.9329893660828433,1.179799276984539,-1.437340297220244
0.8556223922271314,0.43244218022812103,1.597704686828331,-1.6719241755242233
0.5350425653132422,-1.669654956712372,0.21536047384669949,-1.311769532148798
1.8722114830019698,-0.509115765670583,0.8233185533907016,0.3703587626910098
-0.03095333292717087,-0.2234790741171793,0.7646252660972834,1.4124738196339144
1.3974959865130605,-0.6934549803179821,-0.548731198985426,-2.7168911519541963
0.28814138546665,-1.3550452601636076,-0.09992631112133675,-0.6013149723800626
0.4400153445673347,1.2453503262520267,0.3489535748680248,0.5832326902902139
0.3482636177955851,0.3892809609923726,1.0112073070066652,-0.7759767246889283
0.07289883057079038,0.8380571213667526,0.7723649965241188,-0.6326409303643423
-0.47884373100435257,-0.7078350952554248,0.4913410107502513,-0.24221480177840238
-0.9263173551048497,0.920712204073584,0.7309503083901423,0.24590724603172803
0.3959852059707811,-0.46268099608278984,0.44653690133717294,-0.1562692593895427
-0.8021996918198763,1.0782842039433251,-0.7426375349036771,0.05333361470371994
-1.4625738305234695,0.8132444305238306,0.2821684961897553,-1.0992037998592297
0.5180767226501363,2.017980183948865,0.030372327452231215,0.24324355609043816
0.8444446961166319,0.11985231899960785,0.280214380109262,0.21038793792842844
0.8492421953871501,0.28369422399025795,0.00566927039946926,0.29010202444762767
0.03766801775076438,0.2314739595179788,-0.6616446148150794,0.222782309369223
1.1102632171763926,0.7225471171414142,0.10879348515694055,-0.2726992473221959
1.1360367671591323,0.8943276685385722,-0.4079684132935827,-1.799681029710204
1.043282498253545,0.5656048435951944,-0.5292958961186027,-0.37634438069084275
-1.2517697977797058,1.302643092871151,-0.5713070671089425,-0.7661606559710158
-0.09012566375650205,1.4280354199942698,-0.6842685408914816,-2.926086092217848
-0.4318909765093486,0.3083108242547876,-0.2393578997374497,0.4283765575606913
-1.017900021011971,-0.2742419319909242,1.4765629531099056,-0.07526248953863608
0.535842579763216,-1.2499227433575244,-2.115200507471119,-1.3469351698208865
-0.49058433690312087,0.07781144035267244,0.21166015487013107,-0.702389598562098
-0.8629640948781213,-1.0415251116873596,-0.20453446523557414,-0.23193257568366007
0.055518398261950465,-0.0445893960236031,-1.5488911245236412,-0.038218281348579235
-1.1824456815628908,-1.21840179360929,-0.927000638183734,1.7897764236088496
-0.8059045917049773,-0.11862248208816548,1.1742599810382306,-0.7742706550854367
-1.318352826227758,-1.3680651143710172,0.0759983839766439,0.15503825975985513
-0.8344879680291226,1.28166942356339,1.6722471303485655,-0.7090436492811988
-1.707444133206143,-1.2236182266532893,0.3644940316106535,-0.9917542180302663
-0.6258908379884479,2.286511993492258,-0.6804093756922464,-0.06261061884210439
0.3582749868704369,0.5478064326616304,-0.11040854834162016,-2.0629795533591526
-1.2637579340811984,1.1379142163548903,-0.5317832157143434,-1.4827722530289684
0.09436650138966782,0.11128038401829203,-0.6321046225285006,-2.167213490032904
0.23082242049107168,-0.04228080580147503,1.4657244449075768,-0.11830032582198355
0.5868242902269462,-0.9697971555442493,0.44287842250148535,0.2914978456840101
-1.2410422820023048,-0.764770169189287,0.7048690721679076,-0.3394591172799246
0.5532325594143672,-1.6042332391925092,-2.1194081225866563,0.9000374496909946
-0.8752300098872318,0.36537678690611153,0.27279890837047543,0.9793400081927923
0.6312101821363417,-1.190740431328646,-0.4840467328770727,-0.6436339016907936
0.8952776925210052,-0.3799222567541346,0.5634636206932394,-1.4783540864967297
-1.8206948534416711,0.6017476001868132,-1.5917162010902117,0.736060245256123
-0.9824832386235188,0.6751664354281053,-1.0516842056536073,3.236086327599034
-0.007624590026133843,-0.6247348588771934,-2.036021839420801,-0.4377484227991968
-1.4826245195576226,-1.1727741217308931,-0.15890632701383492,-1.255376889622674
1.4533010387739644,0.5244424896822766,-0.2810221103487433,-0.20120122636091242
-1.6757757514921527,-0.9104716675600728,1.224019500999929,0.2731719318309214
-1.1435251593855411,-0.5578301280947158,-0.43718855277125723,-0.22340174668881482
-0.5541752328602337,-1.7816999340962227,-0.7928219976584069,-0.045577137747641557
-0.8481530712408244,-0.9752897328833295,-0.08889153686008805,0.8787850186455595
-0.3184501989180246,-0.2896102292674343,-0.2700324529885236,-1.0235507638115173
0.10885419476269177,2.0106018702980855,0.929019801000651,-3.2265831048829474
0.4950473004057306,1.6135382823651103,-0.4682666487524914,1.4845232574677945
0.04035157968137727,0.4075616731835329,2.2219343709105344,1.6810661974873216
-0.9942059812585157,0.6149031641304462,0.17914138728282866,0.5271447629802951
0.07926694994810285,-0.006741133285457371,0.7399887518584447,0.47975762788476684
-0.7035085910038862,-2.900550942423404,-1.2825590768539694,-0.8731349128304571
0.009317709663865133,-1.6933466868389289,1.30839598531315,0.6939346687599881
-0.5032888751157251,-0.6455286231444379,0.26461100932978876,-0.8530138880113113
1.377271217035922,-0.36671306932349823,-0.46462392322053137,-0.8693281966618714
-0.3376016735294699,0.7020260126031496,-0.3379038728412527,0.02248988648628549
-0.22743763965324731,-0.6122375231450681,1.0694521897512845,0.6671782966262094
0.13471196123139384,-0.7539563639402149,0.4739813413520925,1.6548544715254516
-0.40625857128810766,-0.5952360162775409,0.2650439914412963,0.7144904799889671
-1.333999530236794,-1.1253608939052968,1.0044931523290115,0.9120841643033991
0.784974234735939,0.06953311630015013,0.49499875203203214,-1.149633584204448
-0.8749679527200117,0.6303380292443876,0.7903295099701546,-0.6144021686422635
-0.1213893016187679,-1.487044458964793,1.348635913017579,0.5553015225720459
0.04661351005594799,1.800593857401113,-1.8017192879712614,0.6638853830414707
0.9309822225659876,0.5150753001388966,0.5807998814880202,-0.4606396390456
-0.2755826769798285,-0.5999695629865458,-0.8293950772237371,-0.11387220702441607
-0.5183090055300682,-0.9323378208529115,-1.286883831165141,0.3465611572602924
1.4310179773282194,0.831107941519818,0.220365857187408,0.4476933438176345
-0.7007730048214813,-0.2151690202763878,-0.6893613101919672,-0.041404704932004814
1.3648667907598455,-0.00493774339849684,0.8722752534977649,-1.1712468599421284
-0.2825272345768684,-2.0470734340467374,-1.1710894286180018,0.510320512956059
-0.38692347294736146,0.7179004885789637,0.4212338279218319,0.5450977701620653
0.23300770431988282,0.3530495938547622,0.641775940010879,-0.8428145325471192
-0.2883746726725223,0.8638235766450887,0.17315969134313036,0.722518128451865
1.5308835409562906,-0.35377998910660385,-1.1532665968344937,-0.8463970260392347
-0.7634884184819248,0.6768688516074112,-0.6584982336086119,-2.0046366598231833
-0.21859191843724782,0.304677460640576,0.3168291198031405,-0.06737291416583456
2.9564825958058583,0.11787275486265836,-0.7811313672838722,-1.3019301372484013
0.7844567504342476,0.30388942967862026,1.7438045307586603,-1.8315272984267448
-0.3579592924813296,-0.9766371563334996,-3.269226919649255,-0.6238658240247619
0.5879928900102176,0.5477788131039111,-0.4436265217459654,0.30136585025208124
-0.9740988347169736,1.4972102738404365,-1.3587074336765819,0.7711773324636494
-0.43653848582386395,2.073298107573175,-2.26812034998367,-0.21507595312659836
-0.9629318676510987,0.6675128228007634,1.5074584619172104,-0.8640922495676365
0.04981464693001233,-1.147882718858861,-1.2239813526105363,-0.3027482348722803
-0.6508208140608132,0.015268923621722507,0.37705447849180085,-1.4017217175942434
-1.2053883509822525,0.7261162785635528,0.6783048309940356,1.1949659259314855
-2.031099947305102,0.19448302029460796,0.1260072237418486,0.5268415213118149
-0.13911202650098686,0.46856439708399106,0.43280908262768,1.8235555351770576
0.9082744808149971,-1.2337593252375123,0.24827959854689766,-1.3444579570622885
-0.8965335376803572,0.9966861367901457,-0.11946489299343614,-1.0239031093219662
0.9293266909430351,-0.44339173448936287,1.0694602048379502,0.3530268309649971
-0.8421699971932171,-0.7258618698469794,0.9467092607726643,-0.5661367235328176
-0.5122180339273464,-0.7568205054219003,0.22072890474357157,0.8230538006984687
2.5693594461058065,-0.20045330618249282,-0.1164611678993662,-0.017667175493031997
1.0983050033909076,1.071507176299859,-0.4509332410238756,0.5263783968883803
-0.30653589220460103,0.22195699055548282,-0.8449872742739178,-0.12541105087112595
-0.3330094421773747,-1.5206362809228944,-0.764630833178979,1.3314530894402445
0.17142908715055255,-2.315370409404367,-0.2915828313848684,-0.6090347789952476
-0.2518462472978483,-0.6906236209397362,-0.0353637494582677,0.39215717812778295
-1.1784243962932794,0.5045272289128034,-0.09378895638921304,-0.6537532278306907
-0.8446327200952178,0.0021935981047382035,1.9903231394977332,-0.12206473318011284
-0.3385874576037457,1.0914562843368247,-0.1677043996181063,1.058710383711489
0.4033761247550979,-0.6443411835399931,-1.0901717866617273,-1.460136524957987
-0.11121161801479465,0.12133322845053164,0.7230324112913482,0.987535755132282
-0.8002284259424309,-1.4368242772707156,-1.8706490896501584,-0.3089048724455683
0.34474211528950555,-0.05780195349878398,-1.0570117196016127,-0.7361467473784161
-1.827914378931984,1.9649558812094368,0.26177066691427403,-1.1383140017515345
-1.3519987943228178,1.275203721162185,-0.9404264883349834,-0.9940314667794087
-0.4387631649322175,1.3633812076923033,0.01954312668790415,-0.3292976216266332
0.004919413482831109,-1.2469431327157563,-0.31990955636410845,0.5012502046663586
-1.3687154730975946,0.5768141834364356,-0.24143945670914166,-0.9846208014660582
-0.2558301095663774,0.8874321576589769,-0.006106303756785661,0.7585828755559252
0.706975289513016,0.10473492609790754,-0.9215656192220605,0.8211826173253298
-0.3889407530129076,0.6378722524944567,-2.4120993421727914,0.4584365748004711
-1.1475338115136644,-0.6385409303826891,-1.5937960071786674,0.5437113759329929
0.2839901408336877,1.5490672751864674,0.4499455430856575,0.14287479874604453
-0.342356014768702,-1.7601290603862454,-0.39328551486760216,1.483579578480185
-1.4754417104591069,-0.4702448574517442,0.6053475028663674,0.27901105667640685
-1.0839500272788494,-1.298749838965555,0.16280430235077603,-1.4105973706559067
-0.40520038851419565,0.6631157314780534,0.7034914639618077,0.4169028293549057
2.450179889801944,1.004941536531607,-0.1302971640045846,-0.9745441074901272
0.8638727296568853,-0.19925846516326706,-1.3193864946848273,0.9751491493433785
-0.8471947664955156,-0.7728676480334058,-0.18459025387136407,-1.4179061895671954
0.22339230666894952,0.514430218570401,-0.5937591724224281,1.258717433325833
-0.7656234508113274,0.4969951439220046,-0.06244446713631358,-1.1043382246685265
-2.3428874214596895,-0.29446063819877977,0.6723658559577286,1.4454105079351727
2.4854520317105973,1.8127002924972877,0.5371614246510117,-0.592080625760607
-0.6971019035676824,-1.2649299598257895,1.008666162119253,-0.08995678410826184
-1.468515815523508,-1.2148161445912744,-0.9589904152410201,-0.5723270675617372
0.9537178205165981,0.6450768117333225,-0.45020824641748136,2.4743117140818325
0.5608067281056303,0.32311026238796314,-0.6706709670401038,-1.0381714431022913
-0.24873680311604582,0.4979719166208364,0.579320335899,1.4003987258430188
0.6862076453634798,-0.9047440720756551,0.6891239951925802,-0.9111538030467173
-0.9779718729185792,0.8070130565028542,0.030050270578155687,-0.4982552303594458
0.2694003451955119,0.6923626301600682,0.891942729706018,0.06683658175538451
-1.532200430726519,-1.864508524526567,0.565159575276765,-0.15220094190548056
0.4167909765242779,-2.3425235162495293,0.9318189739612752,0.8880677042674348
-0.4482987141108106,-0.5953786325129915,-0.8714714799983986,-0.46156657120906847
-0.0004797581595668191,1.7528245563707314,-1.4341623453490224,0.6061048304779527
0.9288142073166282,-2.8393624438517477,-1.7828100210647944,0.9140836421241573
-0.3171331668631212,-1.234499722485232,0.03573394443304483,-0.5957749218158201
0.0824498016835403,-0.491485788702637,-1.8607587253452926,0.3281788400172785
-0.38251367486787796,-0.37922033080938183,1.4973876770188055,-0.7136034989367094
0.24169653076121653,0.8480424837977539,1.5338011590889906,0.9397840488060802
-0.8821114970952894,-0.7952530190637203,-0.4151460396936742,1.3410930310401372
-0.5613015986559026,2.2676076457488366,-1.2472431694647519,-0.9547836988169358
-1.0699814885870087,-0.14039947510999898,1.4830094919611312,0.5802751766083739
-0.34601839180230104,1.6862196549839121,-0.3450197190107342,0.7659447790824042
0.8851968953778131,0.31387841033860137,-0.5779294034963907,1.3328569400166808
-0.057716205110719385,0.4710764423217291,0.2926061193419359,1.6343461141639557
-0.9362738549726976,-0.7384797500857585,-0.30639545256217915,0.45694621486484904
0.4246962804571599,-1.7865380428183877,0.1789307009592375,-0.17310342120503733
0.08258587323690048,-0.21102507070214277,-0.4485396983900332,-0.4815762782685261
0.1160556985473975,-0.058092415775780726,1.8844036440728107,-0.2413593219555221
-1.3563732030118354,-0.08412968831813487,-0.3453343444852782,-1.300356788339016
-1.0050774766442792,3.385960579794001,0.22281596334661788,-1.2350980925276787
-0.02709254845049363,0.9614258829728985,-1.4022572642584852,1.4529500279820247
1.157690081697924,0.9180611935585268,-0.556255618112018,1.135817470664336
0.04932702344628997,-1.467503903391973,1.0860893709151087,-0.09979587437980764
0.6266729344120613,1.7598195324554715,1.0909479131869795,-0.5892616615539051
0.6151960270887769,-0.881996493689517,0.33363886198732406,-0.36160917397786324
-0.28604990080190645,-0.6003202537928704,1.0378936024962755,1.2993136539162906
0.2142292230172979,-0.9873390891384514,0.9563693526182032,1.092744040476541
-1.1660205412461042,-0.2862365723775737,0.9792159203522663,0.029380608612584055
0.7448168605985319,-1.0639920128821845,0.2881186116377469,1.1523510155630334
-0.9729271965175627,0.25051082933868724,0.7364744608851594,0.11178086705514019
0.16322177630070048,1.1991798106618048,0.4267693784214849,0.5702552620481042
0.5667424475102824,0.5271987538587745,-0.1875847270649458,0.9199320121335094
0.461668491222086,-0.8616148945137185,0.2950351536435296,0.6347079491763218
0.07871047180487024,0.7356389593983568,0.6288100541795824,-0.7563757750903589
-1.3914354956801822,-0.3355338824086408,-0.9987077069059672,1.4483364698207564
0.41392212391401384,0.8704522194350329,1.0712616583740882,3.2778979411803584
0.6374798511519945,-0.34959143232118445,-0.8764707246100452,0.33613513898882574
-1.5412662162985862,-0.7935412374639926,-0.15295125762840237,-1.0745303878465817
-2.0144342371415447,0.2119997656120021,1.0534304666971768,0.6391338146949241
-0.4854979478051055,2.2471560987373476,0.7523893433855497,-0.40081752669047005
1.0094368595298173,1.0356867445431743,1.1331049183333373,-0.21403200142878687
-0.9335642385837915,0.7585748626523497,-0.7244945869841624,0.8591781247835075
0.06872451446559517,0.8089781112535117,2.310900988999526,-1.582234287908622
1.8870989886654865,0.20084375402389998,0.8077199904616016,-0.03868638613568003
-2.5167275828884303,0.8304130313298616,-0.7365510987656095,1.9195722681085798
-0.7822903691965056,-1.3754604447576833,-0.0008591092121716803,1.459476164079505
0.17679933943527112,-0.06122803739469485,-0.24998437949876023,-0.28297743038237677
0.051726037507136946,-0.3773929657137493,0.48735572247839876,1.1209964224403717
-0.7008465659387073,-0.5358123694117148,0.2432318635000723,-0.180168100924352
0.27395483310009994,-2.2145220464843876,0.4904550852481737,0.17825250674992962
2.084662441227454,1.7214987841489253,-0.1466722015487131,0.9402220081746241
-0.14761076080784935,0.9713142057360957,-0.11424048392909791,-1.8368368218098001
-0.6190264766185283,-0.4380910198813693,-0.7442859863123392,0.46037593342427746
-0.9301734689393393,-0.5246090513737636,-1.9925169213634841,-0.02807724380256885
-0.26309205416501247,0.21469296260168574,2.5805855692164585,-1.228155364013757
0.3154784830852129,1.0164526377718477,-0.9649602251068828,-2.846553256712929
1.2346107289670216,-0.9386225912039861,-2.649582386707905,0.7819640244727061
-1.1484221647705763,1.0438015012703565,0.6786253088405768,0.2605006768060789
0.6930967702646005,0.06618836729604602,-0.22329008507878345,-0.31189156025509457
1.5139460949701833,-0.010358050152691558,0.5993435704539124,-1.0485718345337742
-0.5374462562577228,0.5859001249023854,0.5268454349060926,1.5203760123121857
-0.033693824071446145,0.5506537653007915,-0.2446811384914929,-0.4915533303538333
1.0232151354387022,-0.9540302885410645,-0.6121793229039554,-1.055282847180957
-0.2419768927086378,0.433441295872977,0.4935924416350489,1.7312427303636482
-0.3182636495520661,0.5666095288814603,-0.4919364925713327,1.0973692712153833
-0.21798847854465242,-0.8096352008311788,0.031443530282794556,0.9891289992571265
1.1864968404268177,-0.35247846376098163,1.2090743556912944,-1.4235915461290283
0.7404710207131264,-0.43323492818962256,0.7858342501723405,1.9492866304481458
1.0299229955197375,-0.138315545866984,0.7372203928542764,-1.201483183885406
0.21751616222100278,-0.5353042079846262,-1.0618159664019482,0.9473390625275915
0.05221550121177731,1.61778600792286,1.5525647427421985,-0.5707015114316153
-0.5917235668438205,1.3261404632663314,-0.30165051221527833,0.06359454876092015
1.8596138428204574,3.389333711352425,0.5062330262879321,-1.321744862075324
0.5427474530696997,1.3346358859721936,-1.1702628317558608,-1.4901508353022397
0.8255497201108724,1.2374255486690264,-0.1884178970443653,-0.6061760279469857
0.04950871258462269,0.2927872749983713,0.4218127917460887,0.9143324548576992
0.5945098871786992,1.524259598034434,-0.6092516294717277,-1.5021302131801308
-0.13030513156879053,-0.6217011490389908,0.06548533634179143,0.7262274118880537
0.703938001530258,-0.1647821791180528,0.45120014295026484,-1.22365397414987
-0.4882087484040066,-0.12157635090388699,0.3401075316881486,-2.252956839056638
1.4471955955272415,-0.4254275974110145,0.11175790121463208,-0.21794391416091433
1.1391968208361931,0.7369804299101513,0.1340474337597812,-0.33856160229471066
-0.2072834627725905,0.348915804327289,0.9085586326682826,0.0758129026131705
-0.45354586082018383,0.44300287141983646,1.4286515554221744,2.0800273355841923
-1.4280871519912186,-0.1450488066114821,0.31822481469868774,-1.2424116270907057
-0.5837663975612343,1.832804683966037,0.19967782025315436,0.2671542354335179
-1.2703366293596798,0.7172253408300934,0.15251399006472902,-0.8804331367184854
-1.8121375803009663,0.18468352564950616,-0.07988282699052522,-0.17691866529373
-1.4243094947852728,-1.0852550711774487,-0.9797991563119735,-0.06713273480032483
0.1534143796283101,-1.8335192408631062,1.567309979833405,0.8504605744039837
1.6631499721572127,1.2427110398238572,0.392971626558936,0.010259243265435399
0.8234137886954216,-0.5865693634118504,0.23731268169891226,0.9568746747404225
1.0734798919681345,-2.974829231567182,-0.46806665856682256,0.5125618291320885
-1.8717376095251756,-0.5606449260787528,1.498069641109212,0.7236018876899843
-0.09925276129921581,0.12219285076631943,-0.43991270932360077,2.4011115422886578
-0.4862256952507766,1.1867589854695146,1.1469989422529334,0.2020894208852436
-1.388701073315051,0.1604127393696994,-0.333327279201651,-0.6759285075481347
-0.27016976901214645,-0.37422836209245747,1.3187918933486413,-0.09522194696269877
0.14849648541546562,1.875780204624374,-0.9578150190648468,-0.3571976045260722
0.3469439785973767,-0.49140874996116746,-1.3669429173518544,0.5167455778886665
-0.7040478722731974,0.7799358057474404,-0.5692889823283862,1.7791244112517965
-0.18279118080665047,-1.370632020187761,0.778473895593789,0.1407364978114231
-0.09888107644350275,0.5589557383939131,-0.6153164739835665,1.6127303044956782
-0.3254132790477712,0.3571130820893013,0.5070005136119611,1.194278553866128
-0.6390043862177311,0.21243574087036432,-1.2686656010817117,1.3223834019776741
1.558853632407032,0.22958766063722738,0.23668460488549553,0.6036570244478097
-0.577866080653244,1.0133027195268345,-0.46762116942842086,-0.5443887694996457
-0.3364328925929981,0.3909841442013939,0.5364066997419722,-0.7725006507599567
0.3034999268497953,0.2690465514818741,0.6213160433999836,0.005082943736566888
-0.04369611031368169,-1.6979076656132959,-0.8788261590441256,1.053499441546908
0.9059032227936964,-0.1084197584113694,-2.0007356682897295,0.12004829310643723
-0.528522071987681,-1.6362855649297183,1.8251956014589497,-0.3857762500941097
-0.805105984148376,1.5717741315976668,0.07878699496964939,-0.3884403489855464
0.0243831303891378,0.46725070461812557,1.589169979152777,-0.006750810702371304
0.5188242333541533,1.0032227992712002,0.3478835857067074,-1.289242438819559
0.022747858914562685,1.289117476089031,-0.8782879237516569,0.41372275951670445
-1.5833651223272256,-0.08526416733927485,1.2411478862168237,0.3289021737925611
0.6637788505475793,-1.1640113282262716,-0.49783856520751724,-0.8381807933144207
-0.07424071550287055,-1.0862344082453026,1.9218245951721207,-0.5825287484712288
-0.6605478197681479,1.4576645033742328,0.8236475978020548,-0.6019464997677598
-1.9598353594673203,0.017074415099903706,-0.3990205845854332,-0.0018697591101193769
0.9638909278382467,-1.1961479312700471,-1.1034391370995784,-0.2293866688412004
-0.7191831543989923,1.170132539061268,0.3498990675086042,0.28339751650959005
0.1747357597761659,0.43254874257523884,1.0984478822823425,-0.34084196903639696
-0.1507029301446569,1.5004953072875122,0.03220936902454147,-2.965465783690478
-0.4570568359174537,-1.8054309749848976,1.5820717885629347,-1.6744754073242283
1.6132773621933503,-0.2644808664293877,1.640414752386456,0.7155274479499811
1.6480244234871264,1.0541321705679323,-0.3743478251432683,0.08851817152978214
1.2262691147310427,-1.5896403532664718,0.22064030395331807,-1.5764111309121558
1.014309349298878,-0.6033911580314772,1.5605396023878355,0.6185112157162438
-0.06952286170506722,-0.4250341361566803,0.40555206014837725,-0.06863381366875658
0.2052511573048724,-0.6538369242093222,-0.009824314095716748,0.9320962590527662
-1.1423821104824246,-1.2679928448345472,1.0402295665676837,0.13116382754082295
-0.030015133846867083,1.4074201928515697,-1.1042581986805284,0.06921008908134046
0.20527704023494217,0.1854824881847033,-2.1491686942671775,-1.0421757773567144
0.840784345011098,0.6341475766787645,-0.8591795763901654,-0.13949954291988148
0.6172980429189521,-0.1530905330713103,-2.33755187250729,0.15473145541951153
1.1660622694377476,0.3805417076862332,0.6883392271049368,-0.5072487009582904
0.5613523097886214,-0.9273264940141964,-0.01259375170581096,0.07068233107439029
0.2395592763417001,1.1406280924965424,-1.2674021116257188,-1.838782025924701
-1.855762359041507,0.7564320680245832,-1.3468310035316082,0.749394249360705
-1.495542662463271,-0.6332863070039133,1.3006612118508918,2.31579647494602
1.8184587159960646,1.5181845936624274,1.3300663710905563,0.9619674832176958
-0.09392591330541364,0.9340255031485775,0.5388693342854406,-0.6051469286610031
1.5685627967478741,1.4100671279902242,0.575984499961069,-0.6621196578974375
-0.8184030807679754,-1.6419564428658602,-1.1242260013864147,1.4952041092065775
-0.5999160334950642,1.9233879613045877,0.389221621542873,1.0603346766476782
-0.3753573923866285,-0.6192516485112979,-0.5447438204929927,-0.03376735706589572
-0.6572343218394946,-0.5045667534328062,-0.11330272514805238,-0.10551520292798706
0.487231525495571,0.18481954564334016,0.8940235288301933,-0.7392492616226528
-0.2208476819609846,0.7976404470943218,-0.7982496051835312,0.8693592032849959
-0.6754999529356105,-0.3233160258862418,1.3236000693739929,-0.5238928354787368
-1.0029798030952168,-0.2682509551761954,0.6754206480469166,0.3862619793727007
1.2967008366461852,-1.7821643956344808,-1.049568027266037,1.9065544648357624
0.3988248523510931,1.4782377459853624,0.2879438390564881,-0.11287463171428348
0.6173799652570723,-0.25757129558942143,0.8647108730604333,0.7078281121721491
-1.251320879221086,0.398420057202657,-0.6522092479696672,1.1203960131669362
0.2834476899508981,-1.1072066218756484,-0.8460620088645386,0.20683015766618554
-0.02093579611257594,-1.4240942560469718,0.7765800820045605,1.3143109452152826
1.0392378142162917,-0.6773006222434808,-0.776916764243122,0.8161625898662843
1.6391124464823261,0.927920309829432,1.0501878485915386,-0.10904849997046173
-0.9565082187924895,1.2136529889547707,0.5998280588825847,2.2780822947911927
-1.129400329944524,-0.508310253285229,0.3736489451122382,0.3261303359829693
-0.24884888582897757,2.09284634215652,1.6388654191512853,0.27507155099895514
1.0490659300041738,-0.42435725613035546,0.5375081128146365,-0.33230855025389056
-0.7538449266988554,0.3960932000374562,-0.188209758991103,-0.4802175412116697
0.4566449104621524,-1.6702824010324402,0.5682953908473971,-0.5719856865118085
-0.11136529516387972,0.6864166628670618,0.5725997328282608,-1.4275365915449274
0.7451058631608559,-1.0998706987451154,-1.7486790865101403,-0.21479547247972483
-1.9372826881526186,-2.122804440126228,1.1280295812424876,0.3120136696801082
0.30840952888875417,-0.17996641593944276,2.12423971741589,1.4557185359885392
-0.7483560653482972,0.7651390926782821,-0.20798118921650968,0.5000584379029962
-0.5283148234544461,0.05345274499146801,-1.0321574938845657,-1.6778647905152946
0.8621244081565902,-1.991978972349156,0.1297957715682605,-1.5080568747777305
-0.9385410253949157,-0.8244387282786206,0.33830859372133093,-0.019833658751192904
0.12358170436109403,-0.7751681874559733,0.8524751029319682,-0.44133161029730134
-0.35637442566051114,0.7881932725340772,0.21948311104491106,-0.6791639204586428
-1.096010620465493,0.6143026572201976,-0.23514319648421544,-0.7376964220539337
-0.08604090568969938,0.8715976616804166,2.1061835542368743,-0.6592345488476926
-1.6253264154882245,0.9556763522584244,1.9834458985384786,0.9181322447934694
-0.27798377124999807,-0.8447042069280177,-0.046852158082826785,-0.6282665402956908
-0.5599135841056099,0.19305947578703617,-0.2677168469211389,-0.13146035783531648
-0.2462555770989215,-1.9065158700901972,0.830393001008705,0.04569667160604955
-0.805388618583042,-0.712021105056384,-0.3986490616574693,-2.281711946963056
-0.9759343870033569,1.7145582204986691,0.5856795044089128,-0.43483070009005814
0.05477440466974447,1.1362721662153532,-1.7513665940189003,0.37025156003576487
0.4544684763416231,-0.30369403518840077,0.7142113128108637,-0.10600824461462173
0.7907703924512544,1.1848485739889607,1.4002782056753966,1.2235269647755473
0.960358572256823,1.4056951719415347,-0.023140497748926264,-1.5355601179353988
-0.9432537841451111,-0.9161230297012782,0.19342223778894604,-0.861484790518656
-2.3391559761259844,0.5223769092767298,-0.04236517317906961,-1.081554756020059
-0.4945112749786369,0.476249551714489,-0.6509213982707488,1.4884613492642353
1.6218801238679474,1.6598314837364927,0.5207078665260028,0.3669178196528079
0.4812724274459916,-0.057181232971963106,1.1703572393506871,1.2933071920719343
0.9996550897115332,1.0067416443481787,-0.8951359853355835,-0.421025327670599
-0.7439749115316904,-0.13196859714954665,1.3336930429527987,-0.8567409751859486
1.1487556955965452,-0.7261020154717861,-1.1610704429167367,0.16496949645641734
0.3096241934202324,-1.3691969205655832,-0.6837284937656012,1.1830981215279885
0.14239340274756057,0.14751986473330753,0.18199559762375173,0.45329560362682836
1.0505997311120585,-1.5382566964001605,1.9454239103576971,2.820828771036355
-0.06881647079691822,0.0366206447076049,-0.26492515371994196,0.02788592541871027
0.4026090973232142,-0.5772177563124624,-1.3459632840612648,0.0996656887461634
-0.5870082119044182,-0.7925309883880405,0.9747681752258591,2.777847339063841
1.6372005240239622,1.0023141126430632,-2.755519449988969,-1.4025300409286567
1.1255388864121527,0.7749468911270114,1.1370498104452615,0.9633515202587715
-1.5509822882077116,-1.0415339584525831,0.33654323673980274,0.29522457114216316
0.7776673205387657,1.417985549613724,0.5139129818377426,-0.5595127198532147
-0.7438262376646737,-0.31273526921120265,-0.7443368222922739,0.19413059206490899
0.5675035974530835,-0.9563623921563494,0.5306435069674514,0.28539879722941364
0.7428684049920444,1.737017690404153,0.5682406632709893,-0.16316794488093264
1.1839879220449299,1.2939653683449883,-0.6442714297260147,-0.37283366024287784
1.1891283689016148,-1.0226060389236806,-0.2921848697153553,1.1751034994695784
-0.19300235965078572,1.6771082244242383,0.380100590980393,0.6408524784000869
-0.06209448059994001,-2.2455739379279587,0.4531322793438596,-0.5376865743703829
1.7269759115631724,1.2765704442592338,-0.7259155688426872,1.3611945527404485
0.20083925001580047,-0.8788697987250869,-1.601962687823014,-1.2422940234372377
-0.7364014378147854,1.800792886204813,-0.0015985834222088842,1.8371190706615441
-0.4561161422595619,-0.1549167041405188,-0.832544692037659,-1.1550657401298763
-0.7053907702434428,-1.9413500192326945,-0.49219813125049555,1.626982946066838
0.25087788061189975,-0.44266965870071917,-0.9719800679717675,-0.34585191630650136
-0.9157394743032391,1.1819100542099863,-0.8156154970746047,0.6540658330706141
0.7582974784025366,0.5642690804272598,-0.7834651314990336,-0.10367994005527706
-0.1630280609514694,0.05401500517323552,-0.8207536738333728,-0.8680770798408385
-0.8989208158002072,2.3326213480080824,0.9969673914343185,-0.32288054983242914
-2.6005269654498955,-0.7536037926403383,0.1996512772701602,0.9458214020168856
-1.0721350173900253,-1.5658531456087565,0.19859041684040613,-0.5835640386315197
-0.46904754585774805,-1.3659892226042958,-1.4205049231013431,0.28759411752139474
-0.9944798061621528,1.0367834178383732,-1.368883086995428,1.2438696469735047
0.25683811375541743,-1.3782001051834372,0.7944967340183643,-1.5578605968020391
0.7618993921826219,-2.0050119351127105,-1.6918833224073653,0.10453319127661483
0.8434331898384297,0.9355664201103902,0.6967517272760455,-0.11002992996492357
-0.33658174712054134,0.14439044071668042,0.6013491214958315,-0.7915711104680243
1.265194082673975,0.3416801185357684,-0.6889774138544545,1.350872994466253
-0.22502684670215498,-0.01713998637862942,-1.4593460015790887,-0.9717438549091146
-0.7249240918453684,1.1468843961223982,1.8154409941409242,-0.4729822774041192
0.5884018474304994,-0.08707272711946351,-0.7752871086697466,-0.762819137450751
0.0310178787115886,-0.05403835571519968,0.27313850637000087,-0.9150057273954408
-0.6123277827393712,-0.39934986214081136,-0.4689091903471764,1.1624797301444267
0.7930445356347066,0.9786847686311526,-1.3281812453517687,0.1626854540734571
-0.09710598858809094,-0.9617160615561369,-0.9575698047293424,1.2950443706661694
0.25213138800145385,-1.3380082200560084,-1.661230949108856,-0.27803981555754126
1.8298900027619305,-0.3376199152016021,0.45629837352184605,-1.1077661270014405
0.45777064046365284,1.3364759231662229,1.2601208843745448,-0.3732921006008543
-0.8148483131942974,1.3397732322883806,-1.3685508430628404,0.14726428702431837
-2.3619380231450475,-1.2194426426137577,0.5473136869097621,-2.3192708976499214
-0.7970041316476051,2.544020915632126,-0.00237639067773732,-0.10512726867087979
-0.7321544785936879,-0.8376824797056196,2.413339313848709,1.0403221158871763
0.013838874774240938,-1.9161457965274302,0.03579747773398739,-0.8761181399873574
1.0729636103857632,-0.4900899138127502,-0.07832610179499618,2.7453905706312898
0.5750593951982571,0.3406647332124333,0.4109598330600882,1.5648961666528312
-0.9529438554912901,-0.14481479360750982,0.04548636374207888,0.15441517461978754
-0.31705253343940076,0.3512696816372248,0.1643780169799607,-0.38439102568431954
2.0625106079061943,-1.0082293524529002,-1.791398063245248,1.198963385160304
1.0418124825580257,0.5227295956520307,1.2200174490543927,1.4479090105910628
-1.4816675443119929,0.4967167832313629,0.9659738749492096,0.28346560732028503
0.8068053836056811,-0.5356888224069408,-0.04057385151094498,-0.7240817557751442
1.190908754522103,2.1698581488930473,-0.8758844873022406,0.7198968938109337
0.5494017049580225,0.13389229013160997,0.5896972233621554,1.6971217643574
0.018469396866208646,-1.0182128140558453,-0.30181664284377235,-0.0719731678564323
-0.49768607827033395,-0.6472142496610482,0.4285473282361076,1.2877816486935658
-0.5563976321091939,-1.1535373023183508,-0.22271646041349,0.2290471673497868
-0.41599424678617525,0.37829238821947675,0.7984631866650993,-1.8097622240450502
-0.20292626969057861,0.7532112393159494,-0.40959090347956945,0.046750210626268864
-0.7820726745494868,1.506857776030217,0.48637232046862144,0.003976306811376485
0.9555215425713287,0.4343164502853358,-0.5752949314386834,-1.1501557841754404
0.4880769681972082,0.2508075667357039,0.8555268003797464,-2.479104481088743
0.6322921701363446,0.8561858352293843,0.26496051818763067,-0.5442644662651764
-1.4520590510448823,-2.03012430702919,0.8592847898948902,0.4795178625901096
-1.6917693537629233,-0.29244559752413163,-0.5489886377236062,-0.1994232858618681
-0.8716668997130957,1.8330405333592465,0.29184299418685333,1.147846176028633
0.31309482970733443,-1.0943938062888177,0.1208715607529423,-0.8648353516454502
-0.4797403276884038,1.004624621127881,0.6636736331717935,-0.6912953742952529
2.0551191337886636,0.10230380830933015,-0.5295660379611916,-0.08542388889708316
0.659756197416295,0.6458677218547949,-1.0465687804035184,0.40334432531025555
0.3896912964869871,0.6896678722270498,-2.019765131778457,-1.465868634768035
-0.03396745659775999,0.34244358548361586,-1.065061734664998,-0.9222379678378483
-1.4256938692255805,-1.719660151601103,1.127494908615029,0.33752942389305635
-1.2682688930128896,-1.4130586801694025,-0.31103908544254905,-0.7675697231853683
0.43129561652316006,0.4369172845402398,1.1885269170219241,-0.3144737466639205
-1.1981159288975156,0.6465195736098163,1.2907447293584535,-0.7060597559069892
-0.47685924288915865,-1.6168509488302143,-0.0346188994712207,0.8255637301649302
0.12188304149728518,1.0555782136613823,-2.15848606509694,1.1960802239496198
-1.3017539491312446,-0.24056691383127887,-0.565505083178652,1.7790773057944482
-0.071569374884077,-0.5861031406925017,0.313866966073161,0.7031902981985639
-0.11154476421923934,1.2510993662490246,-1.373853187135117,1.6813094660748036
-0.32518171410848473,1.6107333403858204,0.10968960043695193,-1.0718623827728124
-0.38120917652639363,1.4486349625293962,-0.22077559004263503,0.3457953209198394
0.5649507516385224,1.9182188629918486,1.0544899009337274,-0.863018661299806
-1.1463773164596864,1.9915871259337152,0.7375381244532044,0.10238192939748887
0.753283420483079,-0.5619913202878458,-0.22692003015389306,-1.6341925993743995
0.03890701090002108,-0.5172168529574301,-1.84651206643247,-1.0185096999035554
1.2143217729499256,-0.5044111176232235,0.24593513475484785,0.45621307920135634
0.8630185434556622,-1.9371772308988229,-0.8178158870300137,-0.6297349798375794
-1.7229603739826904,-0.7570269670014732,0.15864580774602124,-0.8708085857304746
2.4456349401662134,-1.514572469632391,-0.21052378721596007,0.4499534538619832
1.085907285774951,1.1931659271329296,0.14270235699210654,0.04958318271876393
0.8489876810686083,0.10301629914574019,0.3545844266729234,0.43550372521760045
2.2274496573077216,1.0867640214889722,-0.6813210876800865,-0.7289587547373287
1.0968705249219388,-1.9540765655391301,2.1522804782966274,0.06595080609416513
-0.5834134745616499,0.3758628763712915,-0.6015483004054731,0.8240158329375107
-1.900196989256762,0.2447162913057866,0.26313884785388914,-0.45158136764026413
0.81380344854586,0.5645328345550453,-0.6934023746818367,0.33541497269329196
0.6749971953003365,-1.0132697830021469,2.343538531543603,-0.1883745349197618
2.243522153617258,-0.2757607343811231,-0.9492066871365304,0.566636056076217
2.3658380348572026,-0.1843072068277871,1.6969290447251495,-0.3837290916755334
-1.0954695543617752,-0.4460121436565143,-1.8639049703437542,0.6636155886352872
2.125934808421652,-0.31444033673197785,0.5240874828465893,-0.10293292436584839
-0.7488548636439465,0.43146631168915556,-0.6808827209093598,0.11751675520871256
-0.24951464574802626,1.0886921356534596,-2.518890429029827,0.1958461106619814
-0.6247117493786316,-0.23675525210925913,-0.4931043234889597,-0.11791870021376556
-0.6669349688026799,0.17014730399622602,-0.28719988952497266,0.291759057119424
-0.0060558212394506115,-0.46069364831976123,0.5342931703328125,1.1394790149401555
-0.6545031930710807,-0.8413224824163752,1.5119470787467801,-1.530333199653103
0.07859918253210522,0.17254167921807848,-0.00860679885168023,0.2549648494735949
0.5370235703200906,2.558364660863733,1.1869627616530827,1.9023576986161441
0.6805284922145892,0.45746545881355455,1.1404089557507613,-2.407031185522709
0.7195999837805012,-1.1937837767690267,2.1076041570725415,-0.7463995940352153
-0.14209091990570016,-1.4783813329282418,0.19366487092691806,-0.4232648101253609
-0.1463690960801716,-2.136346656781461,0.02548772842061647,-0.44145284746846997
-2.007715009944632,-0.5278384950498337,1.093369089163488,-0.07822994931301591
-0.8495165869616108,0.48363071680390063,-0.8222295866072107,-0.8868554337188632
0.12162382489076436,0.2742965278194825,0.5756396651144435,-1.6541258434695156
0.996998722129264,0.361718948079672,-0.8033219674060883,-0.4169699078430444
-0.9005194333005754,-0.24302401943235277,-0.8141595989376114,-0.7354567124759059
0.31909252697464363,2.5719261124712403,0.6038482090384624,0.20269523727836394
0.6235341744575196,-0.4601534087383538,-0.4090619066505347,-0.9926735146600938
1.9836808456106907,0.2929128681748698,-0.4189134792900325,-0.2671830181895587
-2.282608643202361,-0.46960578039416045,-0.8737207976668951,-1.9451679483205033
-1.1483440657038442,-1.0202704685505537,2.231654383299648,-0.24068476157224766
0.002293992049060699,-0.5173384113795318,0.9318194139499762,-0.33248264213324413
-0.6233337394710382,-0.6974066658110548,0.5471427474536616,1.698813303119546
-0.13881071076688292,-0.7453563368075201,0.20071354874947855,0.44368386360285
-1.192732242717979,0.29595907346656164,0.33067057575980924,0.11618844685110527
-1.8716995768767777,-1.3564862325232419,-0.06858489777122836,-0.8191687704376185
0.33095958158824995,1.325681347042427,-1.3036004282114073,2.273501604855853
-0.17975008168198706,0.24449209771821137,0.8463273253238045,-0.688465993680775
-0.2918498493456598,-0.49479814952615264,-0.2826879662632214,-0.4214101588474027
0.457615696840378,0.611185283350478,2.193164607805568,-0.44208429996642873
-0.3654190563041685,-0.044262237012467974,-0.5517549385469919,0.8440994498769858
0.6265845413144315,1.1226348592684263,0.03783516561714694,-0.1735952007884399
0.9251969064224862,1.1067301579517301,-1.079242022008781,-0.3953873970227095
0.3529244508232581,0.6159695204490577,0.23800729392123324,1.048877501942893
-0.10491422867302883,-0.016457373146701985,0.5716427366722477,0.2554625387218974
0.3532181036617626,0.09390356655941298,0.011114482458239941,0.7869182883521819
1.2879840912166396,0.40724594650321877,-0.7860445616398408,0.7016157982615335
1.4004271743985255,-0.23159803005643678,0.25783989529766804,0.7696321810860325
-0.6915236826902443,-1.257165345430228,2.159812718192048,0.3998536019531693
-0.2769532077483407,-0.5831998012683919,-2.0441731933545633,2.420574028275997
-0.2714622781984892,-0.022952817122442487,0.05365447766756872,-0.6779848390813847
0.3501166737679817,-1.1572386585408938,-1.6700144113957724,0.6451866151496636
0.05076765187717234,-1.421604053315224,0.12078627733480227,0.19634753413004635
-0.4989201892625968,-0.06940939262283803,-0.15718695170430924,0.12538850605026455
-0.042995769741936946,-0.710500024495351,-0.8689015185380822,-0.2839479255846109
-0.047458793259235445,1.4995491187115775,-0.08956137157772825,-0.12084587626465351
-1.0169004163427666,0.4040518776690009,-0.34497756691866,0.8087027514088676
-0.13445988643613208,1.0592198890744335,0.0029920215196387314,-0.7655887379502719
-0.5177884427290906,-0.958820955567286,0.8419443857087408,0.21497928787670506
0.5540466119003407,0.9367802533396468,1.0896404672348154,1.466016668470826
0.003888486192805726,-0.5263420557677042,-0.5051460433024385,-1.1479937599489107
-1.536756743597111,0.14566526015674833,-0.14235398915759157,0.4970943843109567
-1.1093891151406166,-0.913826891024886,1.4341199545318848,0.5043631343645447
-0.42995000553650187,0.5078902594860712,0.2345128555902975,0.5958089178387428
0.3184455902605065,-1.1636825906800863,-0.8542005756374605,0.6179913253294363
-0.2280114597174309,1.0474768433987465,0.31721144986425903,-0.6600673840191804
-0.21263884052388532,-0.8219943377629811,-0.6694390744098005,1.1323962281248907
-0.8103496105682307,-0.08189008036306393,-0.30108310151016865,-0.5496932933998434
-0.3747922208241643,1.6570466845663392,0.8841321873375991,-1.1961720223515904
0.38211139978058645,-1.258550946533571,0.07850451359789312,-0.5562689042048463
2.0904741988469375,1.0293558470638242,1.750778656109595,0.7823923271764208
-0.04742853397421923,0.6817051159290025,-1.4898406083006739,-1.3598020279431307
-1.6724640863118618,0.26248898976172785,-0.004371580937029528,-0.3759722952518603
-0.8062395453566928,-0.6488535788969736,0.4378006961353526,1.3400309406732631
0.30380779710882916,-0.6557448976624866,-0.5644963245161683,-0.03628563157784755
-2.1532012469088295,-2.0125918905179327,-0.553364672741078,-2.879953980008719
1.43277172261067,1.091338585701153,0.592087340254175,-1.2648296782100727
-0.4251839197382039,-1.1322599177842063,-0.6554386332266524,1.356559667881901
0.8762884640353805,-1.5551989192078013,-1.6687447487776346,0.4141484045382755
-0.3932218935164757,-0.6060178630851143,-1.4737779208038175,-0.25590376606478343
2.407750092710581,0.6101192564142262,1.4645280117214259,0.835629455938621
1.7350029265755194,-0.7892315227517184,-0.28844181596612345,0.8463371729359379
-0.2547372140446128,-0.3901748939242762,-0.6313436928990845,-0.6179461145850159
-1.1130128511247008,2.8181484839771316,-0.3969822415382273,-2.5141517937916076
-0.9068985296376215,-0.3206512911299629,0.3212662408154539,0.23127645332023533
-1.8705678340258844,0.29641477036905933,0.41967684097907,-0.7461052202554912
-0.9607873323857545,-0.045531062269912936,-0.057741983027850705,0.040520473860274964
-0.2612762766320411,-0.014086650681745475,1.1199996749443968,-0.8755529413854911
2.111458620025457,1.3641486574039066,-0.05359342458288246,0.05962385710372064
-0.361581870260036,-1.2043834580715616,0.8653988842136305,-0.7661900395666114
-0.6351683883954548,-0.07955066491931746,-1.10606619868206,-0.6253461140676924
-1.9827221757538938,0.9290182208078592,0.7579530513669246,1.3377192728394265
-0.20498421092740138,-1.2799463279030503,-1.0241327275603267,-1.269010416590897
2.4133101736834264,1.1319976648441898,-1.722966219283347,-0.041299490204251776
-0.38337270510127347,0.1409053327409723,-0.3898647624057534,1.4062781182343644
0.9008591488251578,-2.33554239645899,0.5229764198180349,-1.8814216146826719
1.0024710299445307,1.204510234324758,-1.7234703498504405,-0.21057278453875578
3.194179090776953,-0.38950341143800254,0.5288617677960848,-1.2842530741380795
0.7251610647223005,1.6662871013607365,1.3445896389100513,0.10506167894561229
-1.4063601511102513,1.0922924619657872,0.4819929297970942,1.5995420195230379
0.43940409486398757,0.21918999198537373,-0.5967299408328907,-1.5044091746701944
-0.9268996443386037,1.7200846618395833,0.7232760209059624,-0.15321853595078314
-0.6330639936709755,-0.1725546755700071,-0.17975999743826374,0.8620804215515129
-1.4619102859560282,1.2046853741039916,-1.0318993915020693,-0.82674241424683
0.7342333748881138,-0.4167368439047771,-0.08561711178407042,-1.1505629880646207
0.6236176210519238,0.2109162330218026,-0.0064892763134323725,-0.8824081090302619
-1.0444174438509868,1.1650325631074907,-1.047954031859656,-0.9811663531505941
1.2512044800151267,-0.29995298152071825,0.6613378995664447,-0.10436671483249833
1.2652036841978287,1.464780358052663,0.9876161071669552,-1.5773515940651175
0.06427439151839649,0.4647099569143595,-1.0658548657973506,0.7001900233022158
0.08996044729642926,1.484749540888006,2.0881839433920026,0.4830202543101388
0.3977560097659296,-0.18267246649983832,-0.0978767953016799,-1.8582088502955263
-0.2389288401265759,-0.22086419576348054,-0.2487352973921846,0.5789281494249363
-0.27550722523232246,-0.6261209560762322,0.36689873887472585,1.9053811129797045
-0.9001087012775086,0.8812936198832919,-0.008484394297866807,-0.1548497046821784
0.20273099355617896,1.9694530961858943,1.0496162829384699,-0.6812914382506567
1.0069644553763297,-1.2751892106413065,1.2584613859538194,1.3771900512451658
1.3533563727897369,0.8179878465357172,-0.00574503657291101,0.5539533688673132
1.5589985538999216,-0.18573986246168314,-0.9012857494675264,0.9136609838970298
0.3977901833924435,2.729381511662761,-0.9012902224435776,-0.6188689376338216
1.3340805723428935,-0.10059403646904386,-1.8474287898949815,1.7036949083906323
-1.3269351087369345,-0.6933132850204492,0.48229693474091184,1.54874195297949
0.2669312954144173,0.3668114233865962,-0.7920047157909645,0.4454800316809442
-0.8625833176813632,-0.26775147002636884,0.4779683237397747,0.4211057233057593
0.6038206899378933,0.46223409357109674,1.9052670051677227,0.29031856330586203
0.09913020929869973,0.8118195270118275,1.6327548231878934,-0.6147597606491065
2.3446450788742053,1.1306392052546388,-1.6164693551899667,-0.2139409322986325
0.3240120876320663,-0.16228116334277856,-1.2499981151794948,0.8152532583233428
-0.272047852630554,-0.39911178610770914,-0.26510774869035925,-1.0196045572910584
-0.014191535144197612,0.10520720244552671,-0.2925720545119313,0.22523620908372927
-0.2648254522587806,0.38390250792338776,-1.678389667417022,1.5856382757693583
-2.0042600852756443,1.0487345613355878,-0.0034916355381501996,-0.8337561135612211
-2.0285961815101707,-0.9684985312516287,-0.4817011261381725,-0.5226050096423639
-0.04040354000278689,0.17520977384515254,1.7012685380930161,-0.4976172130999787
1.4532566326592913,0.14866486191003903,0.5903423038912136,-2.002167809270688
0.14649131551096048,-0.7608992576939895,-0.28025297261473625,1.3631587872251225
-1.420392920696461,0.27292478514340807,0.3061011310473209,-0.7299258925906269
-0.08542487958849167,-0.5364150811356528,0.46079302870815075,-0.6908347344675396
-1.6113571716486463,-0.07661951510021063,-0.26118220711640455,-2.0746211527859644
0.4999193795358513,0.4866842241279179,-1.0253246069715114,0.6271854008294654
0.5199141284944266,0.3832278573999228,-1.5118702556930552,0.36918011888243263
-0.23777300161928322,1.5868497074272971,0.10268890736291367,-0.8785331624741246
-2.2279323179103065,-0.09188059050036554,0.9926464264007799,1.0160339545991788
-0.7168020076223469,0.18762074814996207,-0.8602125981471036,1.5547793463820052
1.3112383643480006,1.3324543983829171,-0.40519045351875177,-0.3588306424414324
0.31882062526337795,-2.0568291229808415,0.15282941244771545,-0.47700568647130576
-0.9126545812562131,0.6771899776622616,0.8174576288235232,-0.08923720769577227
-2.5180302461381956,-0.7134235312394133,-1.2166025642807852,0.18733665077104733
-0.9769884844818264,-0.366471086842603,-0.2519107751032439,-0.24708865361701393
-0.6476380262542443,0.8701065897024906,0.2413518233801731,-1.3257927602532789
0.46590275056883507,0.015036433537785034,-0.4408798687386218,-0.8231158628093015
-0.6488173317747907,0.7308856866656532,-1.4561900107645984,0.20436965231736612
-1.0966245955312364,-0.7569269433198148,-0.2678375615075634,-0.18240785194771653
-0.9761054440339294,-0.3126090225466415,2.745269040203381,0.13402380966136235
-0.7689543704961688,0.011721692310143047,-1.6760425654358633,0.5913023124170625
0.9488299339035606,-0.33517042929040797,0.45193013906195284,-0.5526584956956794
-0.1971140317973654,1.2704376864638947,0.07414892265972249,-2.0026217909245303
-0.06048537143215406,-1.1183583558590158,-0.7567178899676169,0.30039035032958233
-1.3622648858006983,1.035192096533691,-1.0916847222442085,1.5258414025328557
0.5692277061058463,-1.2849360901766318,-0.0370281855080264,-0.4540307261128534
0.05147936104866421,-1.6806981134181458,-0.6830093101985949,0.8847650023474035
-0.3979082653096861,-2.053877012023628,0.5986967325351185,-0.9135564201240598
0.08585040527916137,1.8729271702492758,0.6015686836808464,1.2949804323944436
-0.9214896148980455,0.528298738787756,0.6292171619955963,1.2168864261840737
0.44693877646549596,0.14381080645612773,0.5248976928200206,-0.12982525144274165
-0.7498726213391699,-0.5972332151933403,0.729354827687925,-0.18265212275532658
-0.29737019717375546,-1.0492016133305544,-0.948513106794753,-0.41494012749356857
0.4662858954940141,0.4662021663545624,-0.1185968057502019,-0.2701575510653194
-1.1986273967673082,0.02712617176027002,-0.8471214375599412,1.4864223258042473
0.5325274789220916,-0.6847936930959049,-1.150449655403641,0.4259349984055089
-1.456868338563871,-1.2829589876018082,-0.7409027142572632,1.1324633868257825
-1.3315150244904561,1.1637294126529307,2.065628574279965,0.7903479530559298
0.2707116860042438,0.36378911503470346,1.0913995299162915,-0.5184687488257693
0.12989211551810828,-0.35346527810522704,0.04072501325549842,1.5921373648866557
0.6563581023172659,-0.6107290517030283,0.33208111371423166,1.3805319153577225
-1.6009900561157795,-1.2760140905753201,-0.36272646208277143,-0.10890516023087453
0.3495272507300446,-1.0444820620266375,-0.4773398441952997,0.2602931460467646
1.7602203639892682,0.4470900379246401,-0.2688988245013892,-1.3490041129193657
1.5603776035004597,-0.22621655378861402,-2.8984143664640505,-0.18128271069604104
0.38687406204443997,0.26280511309835347,1.4090589314938073,-0.41129366474164414
-1.1241673626163848,1.0193030665177225,0.3883676566381584,-0.5417736989670651
-1.985542842751109,-0.6176375058292869,-2.3685391554437167,-0.6152937407412629
0.43555514475754953,1.4444651438890221,-0.06858576721250555,-1.6012132329099433
-0.22067598716788742,-0.16347119778118543,-1.2123895997342602,1.7352979449874875
0.4170259456863219,-0.1768501927409966,1.0443846352200568,-0.3968639321574277
-0.7316671629232129,1.37373278078196,-0.6126998502850395,0.6967120562395684
-0.22329127618369005,-1.146698453117575,-2.3235527980325856,0.8381023040035611
1.2300800989456184,0.006954031569894944,2.0282190031434815,0.42841377442047407
-0.44529418154841166,-1.261810221659641,0.9432275133597364,-0.25087457585765643
0.3352748963338236,-0.7932626537635996,0.46704760800347955,-0.7441748262295848
0.010701311045589322,-0.7149025680733434,0.7948427144355148,-0.36439726873639344
-0.5006906157619606,0.09789750395950221,-0.37296369291987885,0.5923560037620536
0.5852676633125034,0.192545436609354,0.08723991147216902,1.0875154122405897
0.2882406632667321,0.10105115367722149,-0.1728540841625709,-2.0354523867813556
0.6140244583181127,-0.2120777350614028,0.3043414537935065,1.6934947656865524
0.7220263289107747,-0.9176721872021252,1.5738118279937214,-0.4028999469504284
-1.2981227174874865,-0.30221819211236584,0.15407536482155706,-0.7496660006971027
-0.10645237731957193,1.179272943659435,0.1729894642863478,-0.8061465565227013
-0.7964388930673136,2.36265069424994,-0.7901329216436774,0.5591985642300028
-0.5780463324808617,-0.4298375077800938,-1.335289123861061,-0.7436545044329641
1.879171762898577,0.8272652103358117,0.09110956893466009,0.11823742701045326
0.3166510905861594,0.8341875078401016,1.2919501622363148,-1.9004756052920744
1.6404935876826183,-0.5200899716570069,-1.9632692053964957,-0.850716938794211
0.7509471663770939,0.08228641340461904,1.0083286274554086,-0.10253754254534754
-0.026041134724008565,-0.683028946500231,2.131692803565453,0.254633612004847
-1.99236023102438,-0.1840413006287314,-0.5758140648345075,0.383267824259758
-0.12486755051601894,0.6338251780924985,-0.6674513108799539,0.5146043540818704
0.33841145767706315,1.8071782714051716,-1.014856740481841,-1.3455508620870178
0.405522999666381,-0.10861430634862293,-0.8808221828077907,0.20849375729632705
-0.4683663804478665,1.6839630348701324,-1.2507367662966655,-0.2647700364837017
0.045834521475874565,1.2722134197328236,-1.0476453057549948,-0.7621832353433096
-0.47142108489148693,-1.1108179270865581,-0.6613717539447891,1.1451087413791963
-0.1383984047380236,-0.7358715258130161,-1.4022010516422676,0.3913344963636114
-2.1958028306651016,-0.10465222758877556,1.4611775016607291,-2.1742076552710503
-0.1992494294384324,0.1888356079166174,-0.7131740580302518,0.468481952368368
0.823538922292966,0.5442031418601702,-0.2835790271633204,1.394396964895192
0.5195004901420598,0.31675214534106694,4.01654084213176,1.0021565684070417
-1.1776034402888738,-0.0848810851852946,0.034529251189447864,0.391429511267724
1.3523356952991885,2.6642984595939896,-2.5850551928495453,-0.3948246698968806
-0.17536467626003405,-1.2284191476256103,-0.013789814111818,-0.7181970699724266
0.13403082148362663,1.5334792574631497,-0.30660961013234506,0.7119565407094733
1.0974849039288381,0.2165677037308905,-1.8556554932787541,2.11464337772925
0.34540633479037947,0.06268103203374843,-0.058356181006637274,-0.2660778216094428
0.06803286886929678,-0.4565087295469399,-1.9888224278833961,0.6212912638872726
-0.5392518211543079,0.8870338275185534,0.41018930112606383,-0.795440782504002
-1.7352542526900578,0.9680991822327502,0.06898716044547559,0.4662070814011377
2.189493246911859,-0.8105846329043347,1.8628226193007524,-0.12275841431268822
-1.5238940461304658,-0.26887552289940586,-0.23040338252603118,0.716661945020268
-0.7855723326458959,0.5559259808673099,0.7547367744897472,0.6579194209608932
0.07220953933650047,0.059040585009005206,-0.8782366456744165,-0.4684477012970168
0.13799437554914926,-0.4742011894353979,0.5346246039998448,-0.9445742808936046
-0.9794151520149195,-1.1564945811115315,0.28409123593118885,0.9130158223692363
1.728441607239909,0.034858997304473484,1.4372823386768945,-1.1184039679333315
-1.8722324197652016,-0.14737681922458626,-0.4633138066462604,-1.1225963147551055
0.6520525299958552,1.2012401790379534,2.0105619586341796,0.03667167174922121
0.055651466270727416,-1.7759636230644338,0.9453663176352886,0.6515253264713938
-0.17396037550817903,-0.23845095222765533,0.10301227947412216,-0.32331547624006785
0.2638618498636089,-0.22553821943131863,0.9554358278798158,-0.15742042600866027
0.4595356095644468,-0.3765439380616349,-1.0316807107434438,0.67632830189323
1.147271452638165,-0.3740621375143853,1.1220602337817795,-0.7586817027976086
-0.8134317615365989,1.1397367432212457,-0.35875551881804657,-0.29043756707087715
-1.7142987768909066,0.8326253262280372,-0.5390493837539239,1.426972310054429
-0.359848588003976,-1.48656393483996,0.12653030511760138,-1.2978142688158638
-0.046377089021044385,0.45844960004074586,0.5681813703457874,-0.009057954061677259
-0.9601184849271562,0.7850509516438535,-1.273696305384875,2.3350536919642986
1.111754010023713,0.6193224822426626,-1.4132166643800435,-0.25281999285775575
1.0809435191692225,-1.0995935733103497,0.05570566574448335,-0.8296977470448702
0.0594895748156277,-0.8242085915756043,-0.07137079390683479,1.026927448871998
0.9533072364733557,0.06690495234732018,-0.8605191451937085,-0.2393161787510135
0.0735894844707402,-1.1335550573212403,0.6988331181030453,1.8236119157883346
-0.7699523575757269,0.46886144222584053,1.205253924177476,-1.5163822255648538
-1.22823785032899,-1.233855419971178,-0.10960262492914773,0.7651303172087146
0.6116508411078375,-1.0255409364743788,0.07432071989896204,2.639140382241748
-1.8292936921531462,-0.5742670969080576,-0.9011336886677377,-0.6074969280113968
0.7761175406133415,-1.6360166082221572,-0.24349701248520034,0.7311702802592203
0.24284855335678104,1.2683518250072312,1.4291584421287569,-0.7115131211203954
1.3638799733601916,1.0656633761600465,0.11855446763724264,-1.227068662395378
2.8885852890678554,-1.2112686294335655,-0.2143274834339121,-0.20496125700156279
0.6763151177346792,-0.8625479779931469,0.07860624963566001,0.1541608303822173
1.3838220693337449,-0.26733547637700733,-0.754832788188813,-1.554261953713233
0.33000649322199915,-1.6210618307320344,-2.4870475600329054,0.6957670603750641
0.16277436617188995,-0.13694945188992036,-1.066273304938255,0.5387842225703869
0.0365367688403891,1.3829230336633491,-0.6326172974565797,1.0463192351878146
-1.021123413992304,1.8136867851302612,1.5028486615189027,0.05619456225626597
0.17451157661891803,1.701298581689098,-0.10060195137236136,-0.937500113606555
-0.7447640127373304,0.34162684405345595,-0.28772203201417007,-1.0440866564968247
-0.007060027930025167,-0.2252863526708883,-1.0761097710865193,0.6183808408742294
1.148686808873845,-0.9065022797429144,-0.20703451708190887,-0.6679300006113338
-0.8373346305724242,0.6832806787585581,1.2050357960625744,-0.32380053176083895
0.46933494567608197,-1.0701185207530206,0.6201999872650549,-0.11422775900339362
0.30628674760985347,-1.241944548632268,-0.005958732372500603,-2.1018613612585053
-0.4677942055863677,-2.384053374105735,0.12684493581696646,-0.8521308035532924
0.08245579796683275,-0.44598141077297687,1.3180656273374376,1.4565130888556561
0.22768049541354238,-0.556375981895471,0.7175516760396602,1.019633194049493
-1.250531295772425,0.13325980852560673,0.01995862307345207,1.573429922267336
-0.3853218721057307,0.029119572763557488,0.7281772243040332,0.04749173394790825
-0.43813771072492347,-0.782680295614849,0.7672285315906819,-1.5542595793070866
-2.209212229282811,0.16209308676746237,0.7713679345286096,-0.6143690983152145
-0.4494009177002677,-0.024884423069569193,-1.2156492735533,0.6002638265328416
-0.42629801028663683,-0.8241447841204235,2.3591988777319184,-0.5871592028386023
-0.5609559477241571,0.5781946951382192,-0.8154708430624451,0.8003898361233431
-1.466695646933878,0.045019914548284204,-0.42582736959461814,-0.9416541823584972
-0.6755665965409081,1.0041314699416732,-1.188977824447861,-1.9307077166093427
0.35268151639142004,0.5078532890754408,0.4869313414760546,0.8676240673839803
1.9236996618314004,0.07431280153669842,-0.017092679648242282,-0.5978566993007626
0.9453417323477412,0.9284305788921989,-1.0451293000120356,-0.16538368767898812
0.07912232175103207,-1.1969920693301952,1.8970885843044043,-0.10013857090291835
0.025125885311442036,0.1681356408432149,1.4225703037546826,0.13242834359037622
0.530227684757946,0.07328630764820335,0.4328559353543013,0.3336490516316638
0.2361228933228964,0.015912156629541676,-1.3730870324575546,0.12259771871892193
1.0259257798855332,-1.6382319180768834,-0.4694120511811524,1.7329333613368512
0.7634932152416792,0.36321211516520235,1.6160320541541182,-1.4759937502078069
1.0372024570414566,-0.822481180236583,-1.9734427072906677,-1.526357479162329
-0.9442686167303663,0.5873707002476447,-0.2540712003238524,-0.05074356717402336
-0.9062988684676316,-0.913306334609751,-0.5111853667614293,-0.8458847132482934
0.48055593999042834,0.11394475033711615,0.5528063245240487,-0.29215231451823875
-1.0273270507994727,0.3250597533699483,-0.5672774209013911,0.10554758553689798
1.3788598066651274,1.7243658155005692,0.7479508630445236,-0.6441404899819372
-0.7719517444397012,-0.34492137714333115,-0.7345257117093169,0.3766905941469839
-1.3332530714124071,-1.174639202712724,1.374014857901036,-0.626031121707947
0.17460948389338588,0.028553797013470567,0.43747075017003323,0.020706138808294694
2.7682764470345957,-0.2568184481535408,0.40052258956169406,-0.29460735316719333
-1.2047611196300623,0.0676629905202883,0.23668185162105052,0.11068687555347713
-0.6498349508556847,0.5673081261948447,-0.1446149663161722,-0.35744857116973744
0.36031505229205213,0.5145297426856216,-1.6903844920441988,-0.8310327550940582
-0.4134016321028247,0.845547946475629,-0.909688989424148,-0.43154686634351724
-0.06937116696835163,-0.9078452475927099,-1.6283897396737745,-0.03246126731589387
-1.4676642828398032,0.6031465528431643,-1.7825403686662644,-0.42198747363156003
1.353024274821944,-1.0517232403134777,0.09076844098818151,-1.6220902229275365
0.26172515729634016,0.2035421521107225,0.7182636588875055,-0.9152614626695191
0.19136542442183996,1.3526720002686035,-0.0324943344382532,0.11018382863583667
0.4506235553086078,0.3862063453555012,2.136294149014663,0.09617484716430662
0.9491934602331713,0.6248052281915605,1.6195856050532869,-1.1681430685775296
0.9165095674363768,-0.20249183595862877,0.4083292369734498,-1.653057194960044
-0.6909608925280349,1.6861197713397167,0.9250750598680592,0.6550605587232187
0.8957023030023975,-0.30600339043787944,0.26850952334696393,0.889826723659079
-1.1069361915864853,0.6808364336956059,-1.4527574246832873,0.7422893142585387
0.8267223791363973,-0.8795552198623013,-0.6796172821221903,-0.9178139286809542
-2.3492564203584863,1.183280416606406,1.1101327926781388,0.2579240238048179
1.9365103228225784,1.074015246080213,1.439931065060031,0.4423850837152005
-0.07224455321153879,0.5060980389448532,-1.2438028648687112,0.3032257630138674
0.28518186791931327,-0.39178246398820665,0.6834307009110561,0.7023611277304236
-0.4267538744053297,-0.3117271706613602,0.4744905655705404,-1.1572988704785279
0.0422694871293529,-0.4684944105870124,-0.29716510902645926,0.31950002695605334
-0.43648978790333137,0.8285002290018639,-0.6678203049319786,-0.04295448338865894
-0.27847803866251636,-0.5143042516650667,-0.8916685483340057,0.8953399656082104
-0.8042560099756387,0.53131933096936,0.011419297074960873,0.45738840590739666
-1.1195850442094495,0.6812683334136997,-1.1283270740954303,0.41803687753057883
-0.13801001034634522,-0.09591055955104155,-0.7022497060248366,0.16994184346672575
1.6806191875272443,-0.4217236327623792,-0.04582590769188144,0.3236251717723105
-1.6737949470353128,-0.3951492086106372,-1.658049541397417,-0.4358412813394311
1.0974522127684831,-0.8675216957271867,0.6131720147085332,1.331680456662595
-0.8326854805181239,-0.5871630940169666,-0.5676180915696643,0.451279350609078
1.5449496645427714,-0.7193925778374386,2.5260931361787513,-1.1096348213380967
1.2428431878941475,0.9319418229270936,0.5076491882773636,-2.8051161719915
-1.1286513274861525,-0.6048628506905759,-0.3626378404823812,-0.5094819364627825
-1.1623524762236137,0.8258647538625651,0.7835170849098788,0.1256284240647931
-0.20727961694956368,-1.9889614586305804,-0.5575948033114851,0.14759082167739154
0.7956464695953599,1.2178366054159755,0.1365645014347405,-0.6785402777500944
0.45197010758490735,-0.6744345914852462,-0.5213611815679401,-0.674342020122206
-0.6231475173603637,-1.9447499474293124,0.062037334466338696,-0.6632228736778077
-0.6723962115223645,-0.4368993082014009,-1.5655389708298226,-1.2235336172266225
-0.7883444611521422,1.7881093669925212,-0.933389345206277,-1.4910499536343973
0.07186852727642491,-1.2152803653254425,0.7642764935290789,0.23568782494930166
-1.2473697659761578,-0.07685832614163958,0.7315273727516113,1.273391253307053
0.04665878104744023,1.217028259127174,-1.7034004840034014,-0.3628776483828192
1.0286709065350934,-1.4622112923059611,1.023471695709807,-0.14890769390699635
1.0963504889164,-0.2373804822047864,-1.5217727891278208,0.6965709908273079
0.44506930652609666,-2.4496095307433703,-1.2683426085140312,-1.7857756654786996
0.22630653613791066,-0.45336478171436784,-0.605427501482346,0.04485502821988624
0.591767119177777,-2.3382800008770466,-1.3973666185834976,1.9258250745301624
0.7111688088137843,-0.2021490723134076,-0.7877360661277383,0.5083866652942455
-1.0736692091763884,0.4055371907867265,1.149658077391769,1.3789696776093103
0.15703601206540618,-0.19217454591933786,-0.013893223194297581,0.026459570821256478
0.4714509108782011,-0.2620740743066567,-0.9499998663756364,-0.19131566161850608
-2.543733766879934,0.6588330576044349,0.8318492932399012,0.4833917787717566
-1.0985562919265597,-1.687093286473158,0.2348477431623367,-1.108580777834095
-0.9560907710118317,0.5085068360969753,0.12362316075588158,-0.8766458991456915
3.8920935392418774,0.07839749996384919,0.1835277096927002,-1.365436343134338
0.9685974715506924,1.5218754428269592,0.2610642243949431,0.30180103878677556
0.23301596929332763,-0.35089280220114427,0.14493654256003152,-0.8848180391646169
0.4529962582331086,-0.3279381263906706,-0.25961098316182457,0.5248152956732226
-1.3387245747954437,-0.5776453853322175,-0.30022326172894875,1.032512295686134
0.38294338362351155,-0.12474587613362703,-0.16418202230432813,-0.1175796292677087
0.42275598093866645,0.38445884171048905,-1.5398674541886863,0.42821940101661726
-1.1220749220299264,1.037406445138942,-0.6935597369204615,-0.7135012567191955
0.20556162778994755,1.1008737242947308,0.9664294923493817,-0.4960175672312766
-0.8168983237172347,0.64583392803275,0.05281150336474669,0.1413731224972615
-0.3044214550850521,-0.24405791061811408,-0.42994655410619365,1.0894091199835318
-0.8895001434219892,-2.5783390718981316,-0.11769464156881486,-1.1845178258203362
0.13666923510681644,-0.15945336335778446,-1.670643120497289,-0.2637494029578565
-0.30449195089180137,0.13311969562496584,-0.7095724828178658,2.1983211278902153
0.8627533746001658,0.9866920860518341,0.25663378756632194,-0.6917336561252649
1.2188835244549134,1.2055725484339628,0.7314657648062401,0.5289316990692826
-0.36896834818797813,-0.7117961161834824,0.0653556039781849,-0.4577931925036845
-0.6511648634237055,0.9690589432533837,-0.017685049765836815,-0.5657841567168688
0.9899755371596728,0.41204108130037587,0.12932640879335974,1.6415005854811027
-1.2982971748778902,-0.43762861985070767,-3.301653326698502,-0.0009038056149969999
-1.1105238040183143,-1.4317811494132915,-0.08992977922713268,0.510275166136535
-0.8137338004760275,2.109567986859338,-0.3396138132587881,-0.3551003507368892
0.9361199666831037,0.02607324089454016,0.9766646011018244,0.2650210509096136
1.852457073215228,-0.03704118070325677,0.3296066198060584,0.408117420509914
0.17714723312636746,1.4207283895728329,-0.9705552903902565,-0.27809934912546236
-0.48426092649853375,-0.2110223693739606,-0.1413868594368187,0.010222293987036078
0.9262016371796964,0.8459403895903331,0.579938273343391,1.7915854549805992
1.1421034170273037,-2.4126738954419373,-0.34235734712622956,-0.21341765732126122
0.2320955520214399,0.605366574644318,0.48824744578780976,0.5130264418582715
0.3105749497120643,0.06525201216690264,-0.1795976417174257,-1.1271789613498415
0.10682055685873053,0.3162989120799338,-0.26846503060923455,1.0816109994469387
-0.6886082767988732,1.3029815306003203,2.155392137262845,0.3360585535690871
0.02917313629019816,-0.5351503491509778,-0.45114040122396304,-0.046933121156150205
-0.4857756898346117,0.0277166837276706,0.600237144745736,-0.0940854633071335
-0.06569242503531199,-0.1579004002757634,-1.393366079694821,-0.9168180371030579
-0.5467224700278869,-0.8398065176760076,-1.168222971889026,-0.8537936003955697
-2.3648896214646147,1.265778112099374,-0.06079180429778218,-0.045464773114905425
-0.8663034032984028,0.14735799831871418,-0.4680436090609413,0.22964029383488344
0.4346768794543882,-1.4234481868370885,0.7474999268099544,2.2130126543656092
-0.8470197173024538,0.1541459714842622,-0.1537304153783372,0.10201780771306067
-0.4946981341309663,-0.6980003617910377,-0.06939984452219425,-0.23877391432346706
1.0173734785398147,-0.5009668435513505,0.6396992375044687,-1.080681705219803
-1.2293623770384539,0.7096308391411443,1.9832557341717678,-0.4123284752152927
0.8515963334957619,0.3865293669807282,2.483174394736817,-0.5307961597306605
0.5421853244083836,0.11240557242857425,2.5010250422887585,0.2305347286038314
-1.7555822774850887,0.20519112575429962,-0.6629312441487788,0.5270327123032831
1.4715218043126337,-0.21539911971920056,0.0643980965437287,-0.649514921353352
-0.0554949982197479,0.7455371951180317,1.3420413262431552,0.43894475152811313
1.6050941951852418,0.5643929831022861,1.1844495444732608,0.7966916652834168
-0.6509415706645004,0.11512363012158373,1.0595192954218557,3.147447372424348
-0.1045879525465225,-1.354055095009927,-0.8116426942049988,1.1156193748375092
1.0694673459734811,0.6165339832191956,-0.18124411110053645,-1.1859278016973174
-0.4909699525881179,0.08189131317107597,0.15662197120919624,-0.25737709537139464
-0.6617944236639565,0.9044392856040526,-0.04347990829004304,-0.5942085215207566
1.1494233488014218,0.6928164166408981,0.35011043781826195,-1.5302814170842032
2.0634647118999037,-0.15564752653275882,0.5204040341432872,1.1704046787211213
0.20679374007069126,-0.19766713028010205,-1.7003450764587824,0.08366439867262797
1.319665128410174,1.0139697948641304,-1.1094428860833583,-0.806682662672222
1.0833249788821535,1.0309745286274752,-0.38787746277575164,-1.728225528526939
0.6017731036328839,-0.11839978254399341,-0.4374797600278281,-0.2553560249766664
-0.9329351590078317,0.14831747362301215,-1.5432743003510165,-0.4403718756693975
-0.7343009726548194,-0.4287933441114358,-0.29949204132785734,0.2639322872206596
0.01948906260336415,0.39116490017612215,-0.8878112771932463,0.15724990430949182
1.1930172173832256,0.43081804219258657,-0.7674193172924803,0.48761409873040157
0.4118457870594118,-3.135169140041824,0.9427426862713383,0.29503694597821045
0.8829629709385828,1.3122996172707482,-1.514976792142842,-0.3018163583851267
-0.08571818991936565,-1.0329749576960876,0.41024313101844107,-0.12656936300513094
0.0689509389033294,1.1823389224643561,1.9457755221338002,-0.6597861658988744
0.30547238263213977,-0.7047146614892876,0.09054416580322537,0.1013663124039553
-0.4143097389447124,-1.4875486229625,-0.9405792085829828,1.5427885884967953
0.34912663141947947,0.15229337325241873,0.816575166469102,0.35938592246259415
-0.8135411429472947,1.3828552301513013,0.7897661710906247,-0.14948218224479218
1.3473483565742246,-0.7157003565837339,3.157524999620847,0.9665687381432563
1.034082663314543,0.18255341662382962,0.9990744596453163,-0.2360084867506158
-0.3774802488633051,-2.4215154249099182,1.526876892584303,-0.07397047105249699
-1.75508650051147,1.7737456537432792,2.230404906113636,0.12222935908817076
0.290484754037324,0.2921116203739134,-0.6843894205908837,-0.08541258785384163
-0.12413819977681445,-1.3311587998618342,0.3067419391214387,-1.3512725924721505
0.576712602161364,-1.9085361927524962,-0.6447544221885576,0.15945500640300853
-0.028058312732160463,1.6778147855592647,0.2186025025630774,-0.7962984285180936
0.7406313337440793,-0.6649850232039466,0.8621317927658414,-0.7029969032861917
1.1128919441384741,1.6236615441601963,-1.6475712132455558,-1.213298303429551
0.21605143509094993,-0.032763223331451125,-0.003294681146050725,-0.05065075752181751
0.6691549790174769,0.7011784686109372,1.2226722688352103,-0.8725362666902265
-0.17698017192391208,-0.6093896232677148,1.2701947702586525,1.6014904039530027
-0.186917474067281,-0.1382962067285566,-0.8040818596715497,-1.9092880075978513
1.2701581452712731,0.49280910331084316,-0.14995878696573345,0.6397406161872153
0.7128783786401478,-0.12052786415686619,-0.020032534870721767,-0.177004702185453
-0.4144725050156778,-1.0200738938435374,0.7538150175472154,0.17284153197989657
-0.2531561881539005,-0.7319948523019317,-0.14762198295572646,0.4941364911173326
0.863751000664178,1.220213331235234,0.9882151248298645,-0.8496925709366483
0.40070970302380915,-0.6626170520296446,0.7534798866104945,0.9105742774548407
0.7284221449067234,-0.5135955326104255,0.4141138874040662,0.35587450985529356
0.7720143712109235,0.4238811327029246,0.735149103217876,1.5329162917279158
0.16088456425089356,0.6241721645761216,0.13790999193040807,0.5447928431108012
-0.6457806765192765,0.8577858271799406,-2.0218266461694197,0.42155347611517574
0.13579725717153987,0.4440198135371008,-0.5501235522789222,-0.2676568870735765
0.34501502450057175,-0.1473956978340028,-0.35095847624234056,2.011239951698521
-0.7680674003307143,-1.6624641048722049,-1.4877465571970516,-0.7553960207182787
0.933120533335547,0.21692126970968206,-0.0943993796319349,-0.22746495993996751
-2.135225252697016,-0.7592063345176269,-0.376546733254583,0.46702123761316805
-0.3294176867714433,0.6612587456782256,-1.2356344008091238,0.08887763889812454
1.572385870747077,2.0875975785127365,0.7147440646578811,0.47216801527867625
-0.18442828446934412,1.1344169938366224,-1.3047839878382066,-1.0397203247419267
1.0517643276558644,0.029532972778408932,0.651909817190497,-1.013738728937915
1.4139107512819822,-0.1319413738396965,0.23657560786027973,1.1042598403205888
1.440134888178728,1.5689813211009211,0.8229773512188572,-0.1977435457677564
-1.367330618853275,-2.8777676779640067,-0.5347473709624857,1.3585336514780921
-1.0848630633195873,0.840718291990186,-0.32050980518102573,-0.43544374075339864
-1.1277060949488644,3.5912670587005433,-0.39097707818250216,0.26502622775553303
2.1353818395778528,-0.008990136232879547,0.3190482215302675,-0.7273699265484173
-1.7880803335322242,1.0702958489834837,1.0002312368309172,0.3549899932298421
1.7708806545401863,-0.039784416952501,0.3966315560340527,-0.43723499145932715
0.6563199625946313,-0.16316545099551696,-0.35690941194480774,-0.5543467162824759
-0.47031661771224725,-2.062827386039839,1.1734202799874012,0.4689463412611965
0.24671963886539328,1.9900204589658637,0.5724580100823111,0.10537708161077974
-0.5084018928379385,-0.7581086304409662,-0.959816463054918,-1.4914454013691987
-0.770954629155699,-0.11285699316927848,0.6682041150963652,-1.1418198459077753
-0.06851285883172806,-0.03681794506065073,-0.8585853033997117,0.030151982615788647
-0.15604423528359612,-0.0029999502334259634,-0.17965860660222435,0.11577023849997571
-0.3148246176334444,1.0762630744354824,2.4439697190775447,-0.8454277485931947
-2.6543294453795,-0.636855675839796,1.3429386345580456,-0.25375060813710804
-2.1351783560687343,-0.4084454659243394,-0.8235486828268757,-0.98604707255165
0.22308508514933387,-0.33873342261905165,1.494203360409141,0.14957267925694648
0.06829202478754758,0.5169500909173204,-2.238638393585249,0.6500148458730075
1.6107931071375101,-0.5675557130687638,-0.6105868985761981,-0.04472293782701047
-0.5259337502464986,0.3452270878384824,-0.0984865299756957,-1.1013944365045352
-1.3169104631091773,-0.4613401220213651,-0.6421357268516421,0.5400758753813973
-0.6369862802962373,0.6669040445630626,-0.06958098190679267,-0.38126476561081246
-0.17593531849994082,0.3616670900768093,1.0450510947893907,1.657983395180706
0.5950682180475978,-0.6609116354948517,-0.3390927034616412,0.5930484465292478
-0.7897264758487625,0.1562129252480512,-1.6890705844400042,0.12983771765717275
0.6817497602197423,1.1713370440287605,0.29500421361438245,1.2370270144150217
-0.6050159492750468,0.19915272710550525,-0.4083771117884676,1.276023322896114
0.9649614893207654,-0.5249209234783596,0.2441578800090022,0.5250621783786916
1.2953822630788097,-0.11322869566806223,0.2105150094260403,0.1983131597656667
0.756146288358615,0.8273179260859842,0.554878711067434,1.0463569662786982
0.14897183260032226,-0.39930153911216515,-1.0281301104123552,0.4261531441888599
-0.283433601456741,0.2948156676885413,-1.1271772927097223,-0.493667157225921
1.5171195434281084,2.32070092022783,-0.2469180655335796,-1.696855111555331
0.40148437067342957,0.8677018203536982,-1.4110034863128535,-0.4863243679707218
-1.3607510818990285,-0.4041915516800031,-0.5832001086867564,0.11852803650444045
