packet_rate,bandwidth,connection_count,unique_ip_count,attack_type
0.6260208622412236,-0.102064688359864,0.984678185946861,-0.45159847949534493,1
0.5298716116908319,0.039478288249751414,0.7103123621416018,-0.38855623583001253,1
-0.053262042699863475,-1.342306053367753,1.495386621304936,1.6928999684050072,2
-0.0022130516738893473,-0.30728181991609055,0.6947367192033533,0.6366392856357733,0
-0.2766797680887831,-0.5830820967540692,0.646897980991528,1.0607758237618092,1
0.9709476184279362,2.0553255353135,-0.9732433134651712,-1.623320661650784,0
0.19197955743272457,-1.5181376651223397,-0.4725706741911522,-0.15534777438539335,1
0.6912862897779525,-1.7129186901970768,0.28156558734248266,-1.212491893503634,0
-0.4732877479616329,-1.0335124663448545,-1.9319525371071513,0.0038054924880871407,2
0.704126175970056,-0.1348780124572568,-0.3169137230546035,-0.8864145661032288,2
0.33977052246331235,0.8718590485459079,-0.43396939040644084,-1.732739393950399,1
-0.6029210339344845,1.7943179712260648,-0.0906875831599907,-0.2069910464472973,0
0.661117690199414,-0.5376351698315008,0.9241360614034203,-0.06201016066163285,2
-0.23479113704187118,-0.8499689117581278,0.4804715137736016,1.0812420107980396,1
-1.4453718106189697,-0.40124179112610187,0.20304038007883016,0.7889001760160923,0
-1.2419274302084553,-0.4689002705088684,-0.3437964536774715,0.9697383187536441,0
0.6940040018571826,0.5753322698454199,-0.5517700512034374,0.6759128646130007,0
-0.14702453726249828,-0.2203313293730031,-0.3603314971265072,-1.6269665635131734,2
-0.974394770100207,-0.6645047127141155,1.5760020821574847,1.9928713750627212,2
-0.2642769861526056,-1.1237558926187277,0.764937046326887,0.67687112064491,0
1.1080869839209375,0.6160027923269947,-0.3792551202860211,-0.588573491335053,1
0.870149215143582,-0.44990743896734464,-0.388745212640331,0.49369463856321943,0
-0.12021456639187789,0.820393190244985,0.5681049598992953,1.1039839487896284,1
-0.24406872612809116,0.6505116178139347,-2.28172957613251,-0.13199789085115846,1
-0.6474942869934656,0.895462617165011,-0.478253304807396,-0.4599930267886011,0
1.7931946149442781,0.5206127975070726,-2.3655660678958967,0.9600454052038683,1
0.2555008397432854,0.16393041467524663,-0.5747294889101541,-0.8376509367731226,0
-2.0461113415002483,-0.5832073960671904,-1.150873436086241,-1.0956390788123322,1
-2.6250301381871113,-0.7402502023830069,-0.9856434848389836,0.3204311530790374,1
0.34893835189097383,0.6086876378117974,-0.7212854000720181,-1.4486277076149914,0
-1.2970775256419542,-0.9663064434686555,1.1383719174886566,0.5045869748002151,0
0.5875010619844879,0.5431512354170508,-0.4011304276227132,0.36979307290928026,2
-0.06352146722909534,-0.8018360246975763,0.8542450980036868,-0.39537495627888475,2
-0.03794991966642297,-1.220266298053184,2.077882107277333,0.5590832049786387,1
-0.8018118819517513,0.7320048608952997,1.6595203860531824,-0.4023482344441728,2
-0.6591404118880004,1.364782610310492,0.08650899971966934,-0.39298928388611815,2
0.7720969949734934,0.8162564009588636,-0.5386170577597651,-0.19353523472672687,0
0.039411323646807696,-0.766287291446423,0.9320171407778923,-1.972690691012046,2
1.1203873614535922,-1.0741681734318338,-0.020507097028823716,0.08371448205755892,0
-0.9047270976602612,-0.6949326032242162,-0.9270754205018111,0.1901716600803275,2
0.7321976744608878,-1.966031481246952,-0.18628856268121183,-0.2311774542135856,1
0.5326098486502497,0.2825863173994044,-0.42204267113726424,-0.0416460973709299,0
-0.5301097227139339,1.2538300177928616,0.04756474048941474,-0.9142815104423349,1
1.4013699245319964,1.1399264102968818,-0.7630404185335632,-0.9760149630196412,1
-0.5339493906952502,1.0529321060187962,0.17207989753377587,0.5113471638889021,2
0.6057606467549673,1.02336461369249,0.9691169272907766,2.1189572514913646,2
-0.9007213020820375,1.3064077974333386,-0.06663679071746301,-0.817311963014524,1
-0.6433396148842359,1.578559915595302,-0.1645721559775896,1.5318365735166635,1
0.8003317399123914,1.7132576498812477,-0.5847582929245945,1.5026394503072007,0
-0.8723010656934049,0.6441211400463833,-0.06942237585326697,0.2565426450667467,2
1.1187019892288452,-1.5033804544938876,-0.17610466623414833,-2.167052515543312,2
1.165184342643683,0.570810360322897,-0.6028175338135787,-1.4836885093583128,1
0.14974527512865402,0.8784803328366965,-0.7277989994309717,0.14022000948846153,2
1.2268271799113835,-0.06513410953016102,-0.43578149455209314,1.2106782330184707,2
0.5424096559239966,-0.10659082934202445,-0.16381606758237588,0.4758656916882142,2
-0.7000413847102108,-0.4113657630753364,1.2210915609852273,-0.18025519728360342,1
-1.0461633660452059,0.9453908630014136,0.20821824848569806,-0.6028667681842482,1
-0.9078182106004015,-0.720404304778518,2.1384033631577934,-0.9899344076055383,1
-0.09673252453743378,0.22836086904281738,-1.0230575217075901,0.35693877643154237,2
-1.2740590764136421,2.0105374234694895,0.4426335851049479,0.4365417807262374,0
-0.3591846760270689,0.5423777364406411,0.293145568155118,-0.7413539670445829,0
-0.0504903795665399,-0.2739377466041643,0.30688093974970737,-2.0460773535031014,1
-0.8970061411525192,-0.1810589793674105,-0.10734293616881702,0.9743725860872424,1
-1.146795977549831,0.1429704454910479,1.1871822695520837,0.0015831044511788136,1
1.129604197480988,0.6917015610939176,-1.129873169791463,-0.27560807306765206,0
2.049950202586385,0.07168815351202898,1.1639503050112112,2.478653184757653,2
-0.9065342169485417,0.7597374408336427,0.8854599158508647,0.5596033313710335,1
-0.08661031100293312,-0.20803091891415312,-2.4951462614593583,0.22720932260340526,1
-0.7375237868184739,-0.087209518033355,-0.7305616461341945,-0.13557286478497677,0
-0.11819281688266042,-1.1267989415041724,0.49423531999028486,-0.31137924586902105,1
-0.0525415994848798,2.027367613869562,-0.53462087848936,1.3592302389625794,0
1.5391073335647711,0.46420468091681,-0.2819701001898735,-0.05841555148704442,0
-0.02964482408676903,-1.7191951732543418,-0.8821381491305662,-0.4372344325447446,0
1.34563969472463,0.20785688347863226,-0.4348868995411529,0.7602289794153785,2
-0.5013377449476796,-0.46833038189209875,0.0076701301823677735,0.07836519029875608,0
-0.24417436890783287,0.5856555184241271,1.0986545670842451,0.7290322125655272,0
-0.23488834455946675,-0.022190059892018638,0.27733464787868384,-1.2989864781842433,1
0.0023887249002191345,0.6594488439250138,0.6598300723594678,-0.2340516575697811,2
0.33977305490178006,0.3128970158498834,-1.204211993161743,-0.7081020126375365,2
1.0038944806343193,-0.5848010327055428,1.3753182152947394,-0.1762605071772934,1
-0.6845858317718935,-0.8848764511845745,0.6499606567270249,-0.227392394653202,2
0.7626203035044699,-0.23299062506263843,-0.9664766810096971,1.008803539866603,1
0.4010724492050788,-0.0051956608911992545,0.04506096175976134,0.5230554313373325,0
-0.765258568233025,1.221191489356568,-1.7301310895801598,-1.3636860190568996,0
-0.31326891933416406,1.037580623122338,0.13420499832080912,1.448064874999064,1
-1.429941959767233,-0.5823968660866409,0.14192265737414594,-0.2610349625488034,0
0.2473998740666144,0.576697123520328,1.2437709708998264,-1.871278911068951,2
2.0330528380940764,-0.4668638821314003,-0.7206739332049498,0.6691050855882679,2
1.657678359233154,0.03646735171187056,0.7541017251777511,0.3127500839235996,1
0.5116396967400307,0.7544027106212126,-0.3855038987355528,0.5458013458462884,0
-0.7853401461053122,0.6026490945322783,-1.1201117490541632,-0.6712958560217887,1
1.7379631342762967,0.9966700263134028,-1.734328475432388,-0.32558943813683444,2
0.12548755723686694,2.0795649625568005,0.130292098030124,1.044747995483954,1
1.1840521481446997,0.502577587860099,-1.025342402912858,-0.5817466093328457,0
0.9190783872655043,0.6285121722155081,-0.9176900067969329,-0.7392838605485734,0
-0.5723229048828761,0.7769706132823017,1.5118202312124256,0.1599478198586676,1
0.7535760261038809,-0.9793660254822011,-0.17216631695045465,-0.7972133217742705,0
2.604434877401722,1.117128610104857,0.015845093528156416,-0.6129453589942959,2
-0.7315020106160306,0.6743795601783715,-1.3387151102649766,-0.6700823184828306,1
-0.3271991858695585,0.12128568455022928,1.8317648817446357,-1.4672316920949797,1
1.2904816315522403,0.7101865341924578,-0.9100465200633245,-1.0391532141826765,2
0.8372764369777507,-1.0832793490007178,0.2590255224266262,0.8194362175589842,2
1.6548311737100567,1.0669555920849656,-0.4126042356845943,0.40700450378232467,0
-0.6053630544753693,-1.2003064319285597,-1.0050132865887158,-0.9136844552903328,1
-0.13533353494098094,-0.6594433050864134,0.9929133525918428,1.4104608252113204,1
0.0027762010013335967,0.5125208853099222,0.19005163154927188,0.7036807672840081,0
-0.12631512932705452,0.4140883401356623,0.44764518208831755,-0.5918556041587708,1
-1.0164141848502706,-0.679597537355463,0.7464958134143793,1.073944952081021,2
-0.6727354420292151,-0.3512031347505031,-0.24488648088755327,-0.40384175671765415,1
-0.43210667248122375,0.0805609899304026,-0.3559428274415815,0.22731226684566846,1
0.5278488605056022,0.34453728966529673,-0.48384697436600543,0.0750022344179217,2
-0.6893266719864233,1.0915881061008743,0.42193973482452485,0.13763033758102083,1
0.8796860692764801,2.8665975942396984,0.4179243933328778,-2.3481713137096087,0
-0.29815116322831015,0.3033720399529273,1.125832526935651,-0.19651935766904724,0
0.03974788600703451,0.13433237034250156,2.0040181582833845,0.7370983588528472,1
-0.3635138680981326,0.5493443082571774,-0.59736510208588,-1.0048913799352723,0
-0.43612290351413247,-0.06251179511489727,-0.5236154384180163,-2.0302038718740354,0
1.1973433297833047,-0.47809451334663833,-1.5826786887416138,0.13518816429169642,2
0.6355958416275247,0.7483115812455653,-0.8204173864774732,0.25544515974055365,2
0.5970849466654908,-1.217760391282201,-1.8835547190279012,-0.08728062562036129,0
-1.8189272532063911,-0.10870013206169798,-0.9456590950823006,0.7523779671945333,2
1.011330239325328,-0.4197384061339226,-1.0155181463774414,-0.8102551521137273,1
-1.0294299999674108,0.11670478486575844,-1.3785828456081797,-2.3295919557967615,1
-0.08560734787503081,2.169217281115821,0.43931026786448113,-0.6865838082596842,1
0.437327855400201,-0.6323034173567093,1.853721831969392,0.32506929948858254,1
0.41653831188303875,-0.8780929228069663,-0.43690344494363276,-1.349845139563333,2
1.3469161805009213,-1.633052472168101,-0.38731262037513,0.2254859775539799,2
-0.6465869416109944,0.1619940606968669,0.7239647049133249,0.7966099506835472,2
-0.5332879653643888,0.6747264477003762,-1.7247930651368533,0.1441591611264768,2
-0.1882945720980929,0.18383061905081355,0.3889507036309119,-0.19107668232275288,1
-1.3373580553600062,1.0266848795259294,-1.2496614831718582,0.15654619588565297,2
2.4676591151342175,-0.04227213257632281,-0.5767073217503752,0.4036151012286456,0
-1.0472055283808723,-0.5122186017379636,1.0182654715302017,-0.04893504535979998,1
0.43119967247333196,0.7149676334442004,-0.015861902501364544,-0.07212373084034648,0
0.0008735401157697429,-1.283661851230408,0.6660023659169438,-1.611783926642415,2
-1.0150736441025519,1.2993392696125838,-0.1798743699014574,0.36525751118335376,1
0.747200496474377,0.4082998450252502,0.8758565385913909,0.162104255047284,0
-0.6741772524366245,1.1805098137007863,0.7292107007444126,0.17565609314638791,2
1.3195973403049555,-0.9205860069996897,-0.08973068688701644,-0.6039409532319502,0
-0.19096593670662615,1.379683866265965,-0.8763466978351295,0.4064889830943911,2
2.1087919717088828,0.6253534924850754,-0.6447898869398461,-0.28440051575439385,0
-0.9130209198396301,1.970604967938284,0.07372443231305369,0.9083403117700711,1
0.06792536333902004,1.6036440016322402,-0.4341136951779711,0.7277005659225121,1
-0.4100871626451952,-1.5129962382864777,0.050694413015148855,0.5750110596333232,1
2.139290900655536,-0.22053707355477273,2.3028161331340544,-1.3131039473549682,2
0.7517407587058962,0.12573179346505736,0.7467993417786731,2.357938826838799,2
0.23292201371815838,1.6898420784604256,0.9452708624705288,-0.695963718852602,2
-0.159756013648373,0.12839793855384118,1.2812334557506024,-0.02120153685742928,1
-0.12461236371952374,1.9528297759784081,-0.836845386201239,-0.16382046056881033,1
-0.793336773478406,0.3052195986858977,0.22257761910411206,-0.7572183147405706,1
-0.13270373227576956,0.350436055133667,-1.307375451524641,0.17836037654276754,2
1.9870307087597396,2.8694613267155717,-0.0970042746899008,0.9247711129883326,2
0.638922813669461,-1.4644557720708247,-0.4404586964437679,0.7197272494972967,1
0.30925337520267204,-1.7794227656036705,-0.5467983096478163,1.3718601811769866,2
0.781418516337717,-1.3548072940740303,-0.1519809156483854,-0.31622397609580183,2
-1.4412720608485063,1.1818536301662597,0.17535467849965752,0.8785289660627528,2
0.14195918154083692,0.8419503674631679,-0.8813586374991771,0.03292894722216282,2
0.7615539956624012,-0.3946382419329953,0.05576733182528356,-0.5825840027874104,0
-2.3734644186277998,-0.7276042889567276,-0.6121556402968985,0.49637888970654853,1
-0.4087201428361224,-0.29420366869395537,0.5173669932502317,0.8483662133095382,1
0.44156099878966004,-0.36960568342764266,0.9860777468856639,-1.0015364587629207,2
0.9312193172712306,-1.7851609078294275,0.06801686739990757,-1.3837562783714379,0
1.2269892512256133,2.0163008545129624,1.5703920514153846,-0.03487760144563119,2
0.19734412166339263,0.7150892449623397,-0.8755426734021488,-0.6464914299220784,2
-1.766616823052259,1.0139167719410243,1.153013648682887,0.3527117672190707,2
-0.5656355217735526,-1.4371550437794847,0.15607999719338286,1.5736409205343993,2
-0.3366875956834913,0.59535093479407,-0.38201562276321077,0.21213460686533128,2
1.7860152216733574,-1.330340413408932,-1.5643294902144356,-0.8772857783040948,1
-0.0011138319311352377,-0.43847009134693005,-1.9125297750237047,0.6397190624589029,0
-1.014959803571435,-0.4858236327934389,-0.19470560997527714,0.7187075695170749,2
0.1378130243978533,0.8606124620953134,-0.5607023364795706,0.043233313094964004,1
0.1617056221492679,0.675497413896996,-0.007601074268731919,0.5228744779294665,1
0.09723650449066239,0.5887899813560563,-1.1361096493160432,1.129824606561141,2
-2.1050807650774277,0.21834409940355115,0.7727271431448859,-0.10058480789045432,1
-0.22240298202431566,0.5784347895608122,0.22798810523250987,-1.0919821656310782,0
-0.7639828537430712,-0.22085615987620816,-0.1336948705299733,0.21751522740825835,1
0.3104874981799662,-0.22375745185044255,0.7363710023969338,-0.006026163580455673,0
1.44645009698263,0.6841032157999881,-1.628054520992882,-0.6983691667131449,1
0.1568054560730274,-0.43422335846531507,-1.7527412209798456,0.9016266724051165,1
-0.8646056973053008,0.3313612319035439,1.759315897280838,0.8840712395654949,0
0.5278715311631438,-0.06760980381495402,-0.7305039608055183,-0.2586282523390201,2
1.1666246978251242,-2.161524230909975,0.3272503471394842,-0.15491269651145748,1
0.02355263141827732,0.18569532486293971,0.04349157254006988,0.30618679685611605,1
2.531452849363827,-0.8645177661222642,1.431325495149835,0.30665183008213404,2
-0.1506762548614371,-0.8447217225752418,-0.8402485277638292,0.6965357360277524,2
-0.8640480170017139,-0.34988052703909056,-0.630540635215871,0.789025490394182,1
0.4072593241039372,0.47457894496097985,0.45707602682011195,-0.42354150812016916,0
0.614857390511211,-0.04710966833769625,0.9649762803616335,-1.075119213977744,2
-0.701061895731994,2.140107562607893,-0.17717654635270186,0.563440237469358,2
0.47167742851030303,-0.4704345231150592,0.42547287721028487,-1.6247629955638456,0
1.2616612942166099,-1.6419847182950826,0.6076486892241488,-0.9282802497650602,0
-0.7057128853064377,1.0761814319108445,-1.336481020932675,-0.08569456448212608,2
1.7352838766352865,0.6478640192664192,0.45623580058126173,0.6327089567112796,0
2.493872715889328,1.1226069537926417,1.7882086171217917,-2.146134680625415,2
-0.626765239753776,1.013533223127182,0.9362456454359479,-0.5479526377221106,0
-0.017787911155400377,-0.3036165581776771,0.6154805618967878,0.5053248038596253,2
-0.5243710563622,-0.03976305681982105,0.9142826313038974,-1.488634925559808,2
0.6847233473548663,-0.2358410056567842,1.5442368996723694,-1.3026238426247976,2
2.1525374905744767,-0.5137060416392012,1.4488685635809262,-0.24581812666182207,0
0.07897552363008885,-2.713744937155114,1.7837375543749865,-0.38110479924605034,0
-0.18501625445150285,-0.5625666233047344,2.1607380391867856,-0.48885226826680467,1
0.10636138826242875,0.37597174984289655,0.5447137565358597,-0.1547487808038531,0
0.7821602405656867,-0.10583347020583321,1.7578348013347618,-0.07327372677888325,1
1.1608238160429747,0.6650158598304441,1.7628496101477684,0.10712860014673276,2
0.6182433662430455,-0.7497582176987098,-0.6262068603710546,1.2275668780266673,1
-0.5945335859495837,0.793774005736282,-0.4773749378077251,-0.6421516775446552,0
1.2079983818458038,-1.2138942028654796,0.9083688363671284,0.1344209925276,0
1.6370638491523677,-0.2813247536154193,0.32331193181217005,1.7845986662341577,0
-0.6754825775642975,0.8221695803775136,-1.3432007845748268,0.7812519850873909,1
-1.6633122225859784,-0.5586960893929441,-0.48411767497124086,1.7834623469484816,0
-3.475815511554985,0.8842727242039464,0.727451752433977,-1.0671707376400013,1
0.1348608897911597,-0.1346287201183101,1.9000986613455353,0.12655447227015396,2
-1.2252656931851247,0.5154609138125889,2.247470159491431,-0.9300728319789174,2
0.03938803282499567,0.41601494403404154,-0.6677124422319551,0.1623924340450719,0
1.678065443601446,0.7441583174484453,0.47992740136342116,-1.128550762322141,0
0.6559778198566028,1.0299091975979762,0.4007022268709157,-0.15812779093396426,0
2.666710442293396,0.183063206440491,0.6843791754932477,1.0825642798158397,1
0.38881604516576057,-1.2342974519268775,-1.4350151718175437,0.6060089179002468,2
0.4774171287322229,-0.806942660904868,-0.4433787058405473,1.12041261376921,2
-0.2274743568987059,-1.8961709324195986,-2.1115836205689646,0.2357251747626785,0
-1.1337253582779587,0.6254596429319392,-1.0056628175065028,-0.5177976839023489,2
0.8742331192651984,1.4890644891539513,-1.4072587436767088,-1.3419495958944465,0
-0.8508374787363815,-1.0237491691798664,-0.8658286013361925,1.8203787775619278,1
-0.4069472794536131,-0.19356247122110404,0.6314592275260551,1.5213547637559777,0
0.5545317514645145,-0.20710623641001485,-1.579561425540032,-0.20042612444791955,0
-1.361518322735225,1.3684432848586192,0.41572373245297145,-0.5325726074186424,1
-0.6506472511058813,1.0149134982232417,0.32397231580557506,-0.31879168081835435,1
0.2857670389555871,0.3372714255318644,0.9173800228392469,0.3267888299130636,2
-1.3459745970746892,0.013861625668804667,0.04747411147479874,1.4490454529936783,0
0.4812447870076563,-0.9182248244523511,0.2974153305712915,-0.6696751917016545,0
-0.7240158880600108,0.37347073948446563,0.5173701054098683,0.18752604339363874,1
0.6905274696081828,1.2207658955036977,-0.6779444223140477,-0.022578362463729882,2
-0.20280057613230942,-1.507940220900528,0.6170665928845466,1.669221278935979,2
0.5713401865938691,0.9533520497130076,-0.01432325156586045,-0.24905595630448324,0
1.7003600252131343,-0.9040404416645107,-0.6355262030660541,0.5791614302673881,2
-0.6285991673101294,0.3451733729801878,-0.0010363521937795832,-0.8784813869844652,0
1.515047835506598,-1.199801995822098,-0.3309125395715912,-0.4347310731141799,1
-0.316940217043032,-0.3763974637050878,1.0981600266070395,-0.6677462494071069,0
0.848804192609822,0.0314945990993785,0.7366415672444794,-0.6571650692032955,1
0.8927906385863986,-0.9597031936893392,0.32716784640972074,1.132926374728212,0
-2.034978093454928,-0.8509472955346646,0.46393331836302165,-1.5285303203910359,2
0.5110885351140763,-1.9886572266911215,-0.8598033947737366,-2.2462728048841654,2
-0.6506706908167803,0.7293104584131775,0.8112482721600075,0.6845715258588781,0
-0.8825215521618088,0.7023827713877866,1.3252435545938768,0.6803052427038603,2
1.8838068877995033,-1.1547221539993207,-0.7356302074203759,1.2140049792817658,2
2.6150656149349554,0.42097185562576306,-0.22807817400467792,1.5422665067435555,2
1.6234432383151924,0.020145787932988535,-0.5429941767601844,-0.2595425490657631,1
0.27274412456080815,-0.06235044917645524,0.3338042301104989,-0.8609373017463723,0
0.48312917236290903,0.42043345695867307,-1.5355506360321516,-1.2644906342843079,0
1.7487994871211223,0.18584614133510782,2.0001214026936247,-0.22956933782029762,0
-0.36123349379642017,0.7527926513073887,-1.4282643937913393,0.15015390333371928,2
0.9560113960623378,1.8076788283814726,0.41237484047882683,1.2950184742124822,2
1.0136617968532822,-0.25115146957671114,1.1817265657021685,0.6712023774355226,1
2.0578080922992745,0.5434294399432638,-0.20255015564326828,-0.40697664282361595,1
-1.2765240398041597,1.010421503603419,-2.328326082178864,-1.9834975479156494,2
-0.4963955614143689,0.4974847565437069,0.27406479760974267,0.9609743154882724,2
0.2743361288076378,0.5255256441992808,1.0916385967341646,-0.40304347995120765,2
-0.49674115845808653,-0.9742415084257147,-0.8475953730762019,0.1922173858076876,2
0.9014080013399529,0.8896814672837541,-0.33863278560802396,-1.1317335960895583,2
0.1672552150301117,-0.9680188397940803,-0.7945963335494515,2.362943284046305,0
-1.4777195684165643,0.019076529504722203,-0.047133736836900204,0.8777555776928294,2
0.3724969489187246,0.4309252849210428,-0.8718553072689141,-1.2555071133312494,1
0.5282245201123568,-0.5465719457476984,-1.4961631175737746,-0.0871851432325405,2
0.9290066678862369,-1.0365835087935982,-0.6909695533769447,-0.2106701189469885,1
-1.4518969789195295,1.0834863182862524,1.4929446946158647,-0.6901447413705898,1
1.1945138939330502,1.3895733060631335,0.775174699681937,-0.09745559175610823,0
1.0750187090846317,0.39855856055911026,0.10021921538319757,-0.6759571744207269,1
-2.152448305687256,0.3825430305048947,0.9497533415313835,-2.224114175709007,1
0.5456253327006835,-0.28024736010478196,-0.005622037031318049,-1.2041616203523529,1
-0.6534278802045553,1.736828189791215,-0.08903566318119502,-1.6279662056128283,0
-0.5508054106477359,-2.0045814194277165,-1.991764678292179,0.42658272683949316,2
-0.7807950124728492,0.8482321989253979,-0.4815917411150818,1.002531563492071,1
-0.11125611967011469,-2.8100515297606816,-0.21744639312452355,0.7602094252192,0
0.2521288574002007,1.313104900174676,-1.1915160848331108,-0.8876527798948779,0
-0.7678212631250074,-0.2008069404342116,0.8450459765843118,-0.13718566376895228,1
-0.09460936608259829,0.7109717378964621,0.7606395440508855,-0.3609505584781609,2
-0.48406451710588727,-0.22334487743968306,-0.05400873572623106,-0.4287018445749008,0
0.1954069449478865,0.19789919378513446,-0.8163197402730125,-0.6100540743812621,0
-2.1633926366022207,0.7551643942079573,0.21754244206990211,-1.8016673771907743,0
-1.4512842067046812,1.453776291714397,0.5576993338800467,-0.1654026840179365,2
1.0017449851307718,1.8525392313202125,-0.7021982690754692,-0.8654866660932679,0
0.6398953432700065,1.3717894276977685,-1.3176488337054753,-1.1986230591230846,1
0.48922397360738645,-0.6291879916611318,0.6594850819863991,-0.9581218846900986,2
-0.817899651131365,2.3444214744171434,-2.588724048963907,-0.1278030318752217,0
-1.3567159956075556,0.5939505819225358,0.6207147051471497,-0.6078686275946983,1
0.7179384249595835,-1.6318077622109048,-1.123699288977809,0.14499153118063718,1
1.5865323549591384,-0.7766128136198006,-0.5867811528903646,-1.1331298761727833,2
-0.38736845238081064,-0.6453776079131383,1.5780118773146783,0.25922963376906316,2
-0.07504416098089293,1.1416060542709154,-0.4329100915083718,-0.4364273309427468,1
0.9394729313202265,0.9951869278670873,1.7436731260639107,1.272336030508818,0
1.1474557442227582,-2.035754228877829,0.20972218014601698,0.13875319787734414,0
0.42398629427734963,-1.6927637415181256,0.665593212840048,-0.5430904049648512,0
1.1779965633799574,0.4305591269387886,-0.7157044803344569,-2.2240267821646484,0
0.05764139246370852,0.5487745695575197,1.2088813907814582,-0.2903874211328034,0
-0.9794840364345097,-0.969732862341766,2.355919239327589,-0.3932097341388725,0
-1.959238387366058,0.21332883016777723,0.7558329660052535,2.2013069067527105,2
0.2371695408449003,-0.43171501844288346,0.12527069916407194,1.0626843738038059,0
0.1871689015795889,1.064148068909067,-0.15706489190515835,0.09735979820798027,0
0.3837684058824846,-1.9917162920420708,-1.0553342442753704,0.9579522417653037,2
2.0591516924374336,-1.0352394439353063,-0.1751129565593423,0.971388376128882,2
-0.4588952133729987,-0.4992552986727427,1.045787956401279,-0.13129559138017596,1
0.4619386288112491,-1.0206809042290712,0.12144316208491432,0.34124966011499247,2
0.6470904368791563,2.365881839705077,-1.1996418689366308,-1.1795904420820484,2
-0.3377654816232303,0.00874721266309858,-0.02720940626753954,-0.662963180794217,1
-0.10765358665114874,-1.5546609171773322,1.2370518908553048,0.07899392793451553,2
-1.0038935115960945,1.706220876450192,0.9777458386397719,0.11983686011514963,2
2.0789425075351824,-0.6767944816529617,-0.47013489052461427,-0.7356529587038833,1
-0.3666305888023406,-1.4778339287529343,1.6262198491004896,0.30001777901438004,2
1.2554219509327447,-1.8330852212979065,-2.2823442970560275,-1.4961119506844558,1
2.100342800839447,-0.40971533259913223,-0.425372269991243,-0.6388711267873445,0
-1.1496783835227034,-0.5398899797316773,-0.658319347423974,-0.09306243326208023,0
-0.08561648816291677,-1.0400626029571194,-1.3828200138353568,0.8525776356288054,2
0.5344933821486296,0.27424953704681265,0.3036664225247916,0.8558041403935834,2
-0.6960715065243974,0.369013283298012,-2.1238499595884694,0.2743355195332583,2
0.2593956531612939,0.09716835270648959,0.0882269301645854,-0.7063888544670229,1
-0.49336201220504355,0.9545416361567487,-0.7957256947430664,-0.1157728059426743,1
-0.12616423556326595,-2.467180384653282,-1.365492959295675,-1.3236070839650649,2
-0.8161901261475116,-1.1300862128090767,-0.20310207368663696,0.7416918848305518,1
0.49942219364724233,0.03874432866804805,-0.08892001594361647,0.7254644188229052,1
0.5711715128543436,0.014554068376621628,-0.21453065774204877,-0.08932724389938107,1
0.5942498400312228,1.3079275537760435,-1.3793745054818587,1.056114905237224,0
-0.5904396620807687,0.8576375549676415,-0.7962195812159081,0.45793448857152597,2
-0.6595729512191729,0.6985649959778355,0.25851641999781494,-0.4837656131857388,1
0.3730379660106788,-0.6960838117090318,-0.150764517925354,0.6515577271815421,1
1.5207900385576232,-0.543538148251772,0.6642374343006145,-0.9933984700363683,0
-0.03738427853993466,0.5042149575956133,0.6959185311116636,-0.39408608765985276,0
0.8241312759911856,-0.8348142615343712,-0.20458191335413264,-0.01391365081846212,0
0.108141745971042,-0.13888706836378975,0.8968260014916415,0.6395610805950337,0
-0.08446433527245469,0.6646553423951026,1.3288040826942833,-1.1776856200587207,1
-1.7826862566586523,-0.19432776786893938,-0.8407662829928227,1.1185656418861893,2
0.2791009097616926,-2.5371278812483666,0.5268239236120816,0.6647617510745899,0
-0.9290654185440661,-0.24124426092528006,-0.45595143632763957,0.6464960943384236,0
-0.2999807866530719,-1.1746888061080838,-0.3865520738845464,-0.7187393113926364,1
-1.204895082961248,-0.46804678654610193,0.6962663048041621,-1.1418992549156155,2
-1.5912667430758483,-0.979149829923554,1.2016686296355246,0.21411799288244593,2
-0.31923431308743416,-1.205689049811937,0.3268923284824635,-0.8035368181792906,0
-0.7421628030586073,-1.174904314883433,-1.2960594479799716,1.4251425181682644,2
1.7855328753101045,0.49875650113250175,0.9654626299728324,-0.3200447614859353,1
-0.2610222458707051,-0.17154781243064696,-0.981160096693972,0.9936069495705977,0
-0.37306679574978324,-0.4770028203583313,1.4478073134466722,1.6679756767527236,0
0.08878990588413337,-0.33265153956983246,-0.5855393458427541,-0.524428835727346,2
0.07526554462633626,-1.982382309588749,-0.9900850164463579,1.1596869282764157,1
0.35333739999551633,-1.3251088234910293,-0.25652259491072005,-0.8139497201680921,1
1.93933978927978,-1.268728078948723,-0.9140311540316753,1.674502640228339,2
0.7102950914304816,-0.353981561332062,-2.0435544623175,-1.1737736942054797,1
0.07697534810329242,0.62904451928927,0.864470411012369,-1.8013620980341793,1
1.918324188455604,-0.010062363897058703,1.3361606905351417,-0.5670264044252309,0
0.12383684775507887,-1.4127366877090897,0.3867584201323051,0.26614582618628685,2
0.4939852331911567,1.1987212137007177,1.0890280714803104,-1.2445582200627572,2
1.3650723723198146,-0.9493234841745676,0.8841876499829566,0.20968598332378877,2
0.958018107937645,1.1238908597550454,-1.100730043049299,-0.6539559628114893,1
-2.434357270962004,-1.3658170740410345,0.8742501971148517,-0.7163731667799598,0
0.9024831231393533,-1.1916705068667588,0.4426671642115407,-0.5161206418789294,0
-1.798357405642813,-0.9331744842997433,0.47888613622048554,-0.7857251964803287,1
0.23270960489669315,-0.8167414903523547,0.8065239453273836,-1.1912919248310427,2
0.4270392780721763,0.5714484651167615,0.9418153378264466,0.150971371605196,2
-1.6605440752025193,1.1777603233448048,0.6320762066994192,-0.5911876711568453,2
-0.04858182498635625,0.16322488867367874,0.032987176674536614,1.0534864018827255,2
-0.7122792457553182,-0.8607260956062754,-1.2175659423915963,-0.02396856595887696,1
2.1072916019768515,0.0037829539137927463,0.07331847349293313,0.6002305565814041,2
0.5095277671672207,-0.01363690308530632,-0.2050834427322279,-2.032405544916812,1
-0.3488167200361248,-0.2369201315912354,0.35117403544908105,1.3659229858647155,0
1.6030921242967129,0.5030145095930134,1.1152961847861746,0.3357285299969537,0
-1.1991093368413686,1.1538701697931628,0.36258781269091195,-2.021670640826811,1
-0.6379242557613686,0.4103403360144904,0.02204612033025612,-0.7272985562703882,1
-0.5273509878043767,1.0162285956420947,0.13011844208571818,0.09443493140696389,1
-0.2701709872845549,0.9379668031762292,0.9869944332376431,-0.936788341905504,0
-0.21525830241757699,-2.51953990630874,0.12663499969811381,2.1927343449863743,0
-0.6244313889112756,-0.34657365711275884,0.5336233314113771,0.5262305670860025,2
0.3121882997653587,0.48460788950542477,0.6498457958628121,1.4584577269036694,1
-1.1314309684187236,-0.6025201444739687,-0.00362190865706691,-1.3561582262149612,1
-1.2301754278545587,-1.5908569489954256,-0.5355675548190326,-1.7956280219186997,0
1.8045271618117924,-0.08985480175452117,0.6176830728663877,-1.0324745692522195,0
-0.20069487262566243,-1.1373726234985955,-0.24525241691481622,0.6808599608176845,1
-0.507006877539704,1.0093791798491367,0.6034907653408617,0.13531651143958287,0
0.599095234445999,-0.2653737447309197,-1.7477253747467767,-0.049631592469846775,2
-1.5782283079972546,-1.3830226040873976,-0.44617523397720393,0.595096847323606,0
-2.0900755653285934,-1.1820280694708198,0.13557641195018935,1.7898458707778695,2
1.1724561013603894,-2.1837851224239135,-0.3455094357262105,1.0044913953180814,0
2.731092680115737,-1.1156769333123104,2.0628556102436537,-0.06392622867427669,0
-0.8327664927709523,-2.0972005948604635,0.5819857888012263,-0.8270738825550153,0
0.6800826971481174,1.1909945182368102,-0.41478944893250697,0.5285174103121252,2
-1.4595653933121386,-1.3473877106726466,-0.5684736704244457,-0.22662612706217042,2
-0.721990855675959,0.202829379069197,1.009902802803211,0.18809687231646335,1
-0.8623136236068105,0.02494228471389788,-0.72873862123395,0.10398471576744629,1
-0.9357758831443274,0.4048785353991261,-1.176158916426103,0.6800186405001324,0
0.5170872128036847,-1.7435111346396432,-3.219487617940945,0.9101323461098959,1
-0.13624263985313714,-1.1391482538861006,0.8767326904166548,-1.078856154517543,2
-1.0716016840186529,-0.2986936042143264,-0.8538097592503209,0.2510995603293972,2
-0.32218394380393894,0.3549947026895009,0.23701205231527178,-0.7710349093677504,2
0.4162677915017712,0.4519968234786589,0.4750169351979741,0.1291729180616137,0
2.561941231938894,-0.6901411506104685,-1.2056715350472578,-0.8501550188556041,0
0.8413848589038323,2.061160252809177,0.38621074738728606,1.5180239438402805,1
-0.9211341492871107,-2.3892498547763936,-0.8931711382462378,0.6240115057221514,0
0.31191842266675146,-0.7943410509731484,0.1719752048906791,0.7849985311057565,0
0.9289035969882925,-1.7966134797684057,0.8088893487304737,-0.6893466731566806,0
-1.639977090701062,-0.3511197697805407,-0.05437438848726745,1.7649367033593413,1
1.1407247888634395,0.3748065687992622,-1.1840102575838276,0.8133409687559426,2
-0.03597903571506066,0.38295336599982505,0.5847257900684187,-0.7758934401001635,1
-1.9171466512873225,0.13422703048927148,0.22235381854363248,-0.169612951920233,0
-0.30086131511707453,-2.2925798761464424,-0.6424534140885197,1.2069339207683407,0
0.6667914840617994,-0.6412513796396427,2.805207483007508,-1.9966903486685952,0
-1.9181226824588655,-0.18920332880307875,1.0758555242118155,-0.7166638861479119,1
-0.10344840361487598,0.1270072183947666,-1.4226324067523854,-0.6237925334750191,0
-0.7464879318871142,0.160424117013659,0.44083000658804994,-0.35467809221750424,0
2.416930645925177,-2.908081405488544,-0.0683170390369466,-1.3538945634223414,2
-1.5349806528829364,0.822925757061638,-1.3591041486234587,0.6701821466289133,1
0.7466180132279542,-1.9932922514907174,0.409961994885101,0.8930627463821306,0
0.7124501716146205,0.03327981609118583,0.37002804245890797,0.8199623632283918,1
-0.6039744260448192,0.3784485345044643,0.26849169729043615,1.114496303969977,1
-0.16422649200177983,-0.4748095937745464,-0.24164591636715416,0.7296829347262773,1
-0.9483025536717519,-0.76564883943581,-0.2502877441403992,-0.05895596542713061,1
-0.09571152365565931,-1.0070884651580119,1.0420004616582175,-1.3131357045298133,1
1.0638791355759278,-0.16382685116404958,1.226541367084247,-2.5695231340819604,0
-1.1264664186686484,-1.1218279964579392,-0.4131015061650613,-0.8501957224046478,2
-0.9873960118995797,1.6900701861416427,-1.0277256231372645,0.15815856853338262,0
-0.2959896245736195,-0.4099206643647204,-0.2858588217199571,-2.7324357903364374,1
-0.1099314813570846,-1.5468109202404476,0.4537241223631133,-0.8919862361163243,0
0.08328211809817702,-1.2027572326634746,1.2623816310818006,1.9280195852787536,0
0.3603515012327603,1.4405460220323203,0.1707073286586426,-0.30061810895385277,1
0.26467612303247356,-1.152695507849675,1.2114513757190466,0.10528895341099817,0
-2.3602286850009557,-1.7779434094127544,-0.04088152656804708,-0.39526658803619685,1
-0.3809346357675017,0.30918598096097,-0.17292662079857382,1.6436312704836362,0
-0.5419790403279706,0.4891756820357405,0.5967497418567561,-1.1454109258823002,0
-0.5274055858881154,-2.155883587334604,0.48518812839737757,-0.7910683628169052,0
-1.2230520206026485,-0.0547276583213547,-1.3850282311460904,1.4716078447038397,1
1.4827350089877545,-0.38822457810279326,-1.1511266856691105,-1.729478632641707,1
-0.28079934723995725,0.45114115963675583,-0.3984034818887169,2.1283284201010275,1
0.7431853994956855,1.0930906023237936,0.6624013407650186,1.87955566711075,1
-0.35861229432498715,-0.977831424529041,-0.579535093925498,0.5069622171123226,1
-1.892929924234714,-1.3850856502677762,-1.4124658811419863,0.06325086463128639,0
-0.718533001555402,-0.1711371162233999,0.44697124751528305,-0.5864314523221361,0
-1.0159435980089206,0.4354950653449951,-0.14902471388700544,-0.6423546273830346,0
0.8237294129900851,-0.7010142009339806,-0.19658717516989554,-1.7049004613969128,2
0.11362502513385662,-0.40916268713126047,0.9449530750712243,0.4936152063900932,1
-1.13584189177942,0.23199713920208556,1.313945767129888,1.51925748221165,0
-0.4279440439001946,0.1821230271078181,1.007480626487528,1.0480074820447265,0
-0.32685333022045543,-0.20873224507840568,2.206619204157422,1.1123373813755424,0
-0.3672512383224178,0.05691914668638269,0.7629445937253375,-0.7360087978792338,1
0.7232934211346213,-1.1785000318669088,-1.074458887624824,-2.240676586569913,0
-0.47635785731563796,-0.5102489018173277,-1.1404854101228667,-2.2761909262967643,1
-0.7808805650430536,-1.5882697227104656,-0.738725213220622,0.28398039054037305,0
0.5121873739370721,-2.0692163719979986,-1.0996415087128746,0.8449601021841853,1
1.0032302858961453,1.5346961447931515,-0.12656782247941145,-0.28363123130065926,0
-1.3282173238600308,-0.27792259261349783,-0.6450454376728187,1.4595663290701257,0
-0.23756069321966347,0.6625314463791605,0.900656538431734,1.4972791698690866,1
0.9215703225475195,-0.8869365883972495,0.6162120361516013,1.4700342912500761,2
-1.1626913648965793,1.7605728074512377,0.20413269426975728,1.4090743905940006,0
0.37586245469547935,-1.8966422556472755,1.254689625043177,-0.16411519195348853,1
-0.4512314097553816,0.38884079835112034,0.6746874699875336,0.21783323807599786,1
-1.600330931024886,-0.6860704196562548,0.07023639458398248,1.4618638500694723,0
1.615402033454621,-0.6446009522720659,-0.8868568471246777,0.6104136789834044,1
-0.1366306980077683,-0.23427657454389125,-2.179479795913248,-0.652661947048795,0
-1.8588996797132535,1.2710688590749752,0.1449868744850455,0.8531641981140359,0
-0.310771807369747,-0.5010227480877625,1.6890175666176566,1.1581464590783956,0
-0.2407064566032213,-0.6759802404988218,1.7904037752690305,-0.24733971322708986,2
1.0305057851471207,-0.2730136332559612,-0.5808329507133736,1.6943403124513323,1
1.76818079359255,0.06782670584943158,0.08542600533114714,0.015472660123685741,1
-0.9549317377493777,1.5476817070549376,0.7348325614365567,-0.3196681245188794,2
-0.10002819545793853,0.33673375995106003,-0.5452277725081641,-0.5933198783450435,0
-0.9492672770447791,-0.683135183941285,-1.6323048453891782,0.7307163443246977,0
-0.7604489641092967,-0.16815366978895527,-1.884813717044574,-0.14927437842835556,2
-0.31599014068959275,-0.6283875923407627,-0.7335222090413581,-0.6154533780314106,2
3.15685825876348,1.4484344050248363,-0.19846917246587037,0.9145159868546223,2
-0.40827545137643473,1.2232830057514061,0.5890596951638173,0.30959550878293596,0
0.4454882307002101,1.2941474990469746,-2.518454326542401,0.5061834608415859,1
2.001430487679388,-1.6028236177011725,0.00034231572220252363,0.9350056313985212,1
-0.27508361287733524,1.7794152451038945,-0.8209246635747388,-1.7561663314034939,2
0.7150460785434164,1.0811285294470188,-1.1881306546241548,0.5908452139026296,2
-0.7597347396807151,0.12493719259621767,0.8506484227863462,1.7014449733123567,1
-0.6615013874457065,-1.1636093940937247,-0.20237649257036927,-0.9110239347280171,1
0.8783372469975159,0.9357202876679358,1.4238661478607004,-0.5829110141404815,0
1.3482687324430236,-1.0254898438471218,1.3684899528677974,0.2282400671375699,1
-1.1459262549306963,0.49060013944764647,1.1425141380301647,-0.7366996484064925,1
-0.20845494266466705,-0.2558742447755634,-0.2953137511244709,-0.2908306584973404,1
1.0511121472068972,-1.4875091010720345,0.30576664675869486,-0.7695353328625053,2
-0.08462540351024421,0.7292988379384295,-0.13027153889201154,-0.050824896714818935,2
2.1219378579329513,1.4038272626174841,1.0969650696398443,0.47430060024970594,2
-0.9648952916738547,-0.7077959618119384,1.6911244749901566,-0.7348339690760836,2
-0.7648906758061566,-0.10883606645564263,0.6042958991193298,0.7856387424751162,0
-0.07280636582632821,-1.3059468508890273,-0.3258335869690238,-0.5150502515606422,0
-0.5609202677883957,-2.576395948393402,0.0630786413559949,0.5837645380754765,1
-0.25647208491660584,-0.23931887213674907,0.7838973492120664,0.9123343870110022,2
1.2623625025563303,0.7989677039226495,-0.8573567121942297,-1.1172791362388446,0
-0.3246597132983981,-0.5703207487511691,-2.314791755335077,-0.4959430288987976,0
-0.19897272260073617,2.299313619264776,0.22342358770325052,0.3175698804876549,0
-0.30754433206856635,-0.11957809663503777,-0.19003287198744168,1.3397654793053475,0
-0.29581703925750824,-0.26040077445465387,0.7867022508231352,-0.2386580444141911,0
-0.9466305841800113,-0.7460979209879383,-0.5540162883695876,-1.8584374465248825,0
0.7869227196317984,-0.479502848053547,0.8071481982007684,0.22056221095164388,2
-0.10075140047162934,-0.5862830187756263,-0.45174943491175323,0.8405872322416651,0
1.7693070858281303,-1.1522025863010525,1.065617796008143,0.32869014544955477,2
1.1522936935326686,-1.075958215837071,-0.6686475899297434,-0.46261123618847944,1
-1.2785569686167353,-1.2383996158281496,-0.2654312231850969,0.5820101908421007,1
1.580659425464145,0.09884661319814612,-0.9102177743679493,0.740338962467745,1
0.8190542862544283,-0.821549094998206,0.33715232502560327,2.21387059754881,1
-0.7195271940999378,0.46505720878943213,-1.2605284532282062,-0.8905014408521464,1
-1.6960216235538312,1.3666569187916302,1.3936540589296722,-1.6055381705473024,0
0.0852573018708392,-2.191167927269859,0.02685551814261651,0.16206725458841045,1
-0.20418138103992378,-0.96636909357319,-0.192588160970894,-0.9254803263468724,0
2.149282257891346,0.6312470765295946,0.4404623606454844,-0.18493624691742824,1
-1.2012852579538726,1.0504332291962304,-1.4725101942182108,0.5678705008811598,2
0.7259480459439455,0.677262623522573,-0.8634778270276965,-0.054931329073700456,1
-0.3965243746839578,0.25470402121585395,0.9519913934332349,2.5630875548769234,2
0.02629703170092466,-1.877296477029347,-0.43783741869773685,-0.5064613243173289,1
-0.1075552519452121,-0.0026744230347554255,-0.7582213835237902,0.18746475817704047,1
-0.6306607336331749,1.0114358326844086,-0.3086323408827487,-0.6506211123385173,2
-0.6216445045278176,-0.5858522831676217,0.5859787696625234,-0.003428449592272267,0
-1.033017904535281,0.1498915060863222,0.10475204161814226,0.6330392776756011,1
0.6452715034843954,1.6070712859574905,2.300370470701791,0.9439535915722902,2
-1.0639608925445152,0.7873308501554503,-0.391191434754344,0.7399036476311046,0
-0.7387089346613668,0.627216921160671,-0.963889460883903,-0.2354516290441697,2
0.8718621569281806,-0.24655948829265686,-0.93284354141408,-2.1735617583950053,1
0.4703085314310506,-1.3002344812315856,-0.6582339229033822,-0.79020462602988,0
0.14658919017024177,1.172205273006658,-0.3564336617440309,-1.007249064044998,1
-0.5327071071170281,0.09228193711418921,-0.8590616208255089,1.096733096930388,1
-0.7495544693502825,-0.6908666983629852,1.308310445855311,0.150085133246342,1
1.7227032037360581,2.3676902262601445,0.47131668713396196,-0.933318606383377,0
0.6886086896628691,0.885420767427194,-0.35999162808749957,1.2492753431645778,1
0.4155795750579039,-0.26547923934361645,-1.308798008256416,1.0082256873779363,2
-0.9448983126160788,-0.6555664397329966,2.328896028306321,-0.19530667819275466,2
0.7483943398472271,-1.316844743161672,0.702541185779028,-0.8573909889923021,1
0.5530775105245455,0.8493744874777998,-0.4143623195549802,-1.6011386072294826,1
0.29849336621986994,-0.2311911143921732,1.166725791764987,1.0714421267560197,1
0.0403080361044344,-1.5710441471696022,0.12222845627346368,1.3015084021613035,1
0.8647145593504865,-1.0882081390573974,-1.5872744028549952,0.9288992835775746,0
0.07095263207906063,0.3118032822868296,1.0201933905787344,-1.302908094263956,2
0.26209382652603697,0.6604504165897072,-2.1897910757416965,-0.4447137752331451,1
0.5305451677362201,-1.347948749841593,0.7408650134434428,-0.4926408006887964,0
1.6945457847639567,-0.3204222453515734,0.9566424730025852,-0.07961334934644697,0
0.6845138911769941,0.17813443575193796,-0.2551183106526424,0.5750395664215946,2
0.5200209911939652,1.521651840847904,0.6292408867400328,-0.3581959364311791,2
0.20251163165062416,-1.2983463550728396,-0.957930241750214,-1.3464036387132625,2
0.18572353349297732,0.2964838753489871,0.15157086160251224,3.9959421391804146,2
-0.8086338459057838,-1.1895831576910438,1.3240756919339656,1.2235326240189381,2
-0.10138794416598866,1.5761657866884207,0.04383055913040245,-0.27168519016675485,1
-0.8872591531298234,0.1848709895530861,0.3481793058906956,0.9028362821560155,1
0.03693305580859229,0.7233466227663334,-0.23627918360225564,-0.22694688994798748,1
-0.45596736280673406,1.203198688596654,-0.2229227813613232,-0.5620606197925718,2
-1.4891311904055056,-1.7664627984204881,0.9614548034127851,0.41231300615698174,1
-1.4307865987335613,-0.19540367299756756,0.229402731099517,-0.7334395171110292,2
-1.0059759033850473,-0.48974773917427944,-0.6995694215892205,-0.9615601780894032,1
-0.28678713887304474,0.8863125532505366,-0.9918124264604025,-1.6257397713690869,1
0.16441396508589556,-2.3455883786037006,-0.6922250449767785,1.0687491956510433,2
0.702566743083235,0.1144160976587996,-1.7246282595757747,-0.273609848401642,0
-0.8439445091275687,0.5495362442771871,0.3848023893409183,0.19531301040881108,2
1.1868708057402035,-1.452313778420386,-0.7742327527740986,-0.918047518756694,0
-0.3285267867015185,0.023022495589920266,-0.4664855215137514,0.5373056862456236,2
-0.4547116899483191,-0.41816046873084667,0.09147897980471693,-0.47771526176747175,0
-1.061675540369533,-1.156557558717758,0.821128100780215,0.7099139144336741,1
-0.7592149328079719,-0.9180237869295553,1.0634295515595198,0.21383268098823918,0
1.4918674279144117,0.28536829118813867,0.6767888192263087,1.1841698792129824,2
-0.7776204093416573,1.4097969665035632,0.4999169254367133,-1.254536318925299,2
-1.3569171571871406,-0.027063929494920324,-0.4200218908679211,1.8600106841507698,0
-1.1886613140983084,-0.8818919988869123,1.2122583775976912,-1.37610034748178,0
1.2949685695972983,1.055862387055808,-0.8478740862785067,-0.9531182549282822,2
-1.3949397029911084,1.8033639962823582,-0.2573338106523848,0.5154132177457571,1
-0.38368012428583115,0.49243633406362936,-0.5282317933978797,-1.743842803893882,1
0.4353909780797589,-0.026003756405442204,0.5054915066770195,-1.5758860640992816,0
-0.15232470810743676,1.0506214885547382,-0.6594273790847085,0.6450769013316954,1
0.9022284658691085,0.4183410021037689,2.4476002624654942,-0.5190316755710523,1
0.3277956842305019,0.6793883210436605,-0.9645429799473065,0.1695578363890932,2
-0.1113574133230057,1.2681600757997664,0.7755781625701073,1.1189917945549464,0
0.09164905139360295,1.2988015578014336,1.0244260405860846,1.0558067827812052,2
1.5014934516110625,-0.12335787755674892,1.4531744522576067,-2.247467034373591,0
1.849508891711587,-0.39391558952830524,2.035235122883471,-1.0605767822889298,1
1.7394592560855409,0.8058766397668585,-0.07946949525089228,0.12638808650626976,1
0.14057456922597697,-0.7181844408122233,0.98251166685576,-0.7223396863634797,2
-0.013210380941604611,0.7889334444496544,-0.7141952366299407,-0.08659738728149166,0
-1.4306189442255008,-1.8220106930553246,1.1132735310168786,1.0182171177568675,2
0.4936415378714511,-0.9687194842739206,1.8701882927751687,-1.6593725155005368,0
1.4212435740946956,-0.3233996610535491,-0.9854616010122503,-0.3919501482926665,2
-0.7617213234575118,0.5622477895638512,0.44511360009026396,0.06449170009605609,0
0.047712643794055175,1.1332990212126026,0.5080773017681929,0.44457258712556075,1
0.6489987622653338,0.08061184630072075,-0.37816653445387294,-0.5003707747313222,2
-0.7279856905211612,0.1647320291243362,2.952898952567099,-0.5669082743719496,2
0.3567066144102117,-1.2324310021615204,-0.12323753379328108,-0.17175693869583825,0
-1.2390487457805248,0.8029506465833122,0.4593022050042729,-1.2052585523572035,2
2.3471026666093477,2.048202431614614,0.3602158397792811,-2.345372755022983,1
-0.9636063344892094,0.10879428377886054,0.41923477965236305,-0.42659300405877343,2
0.038686788480962644,0.6919874369133132,0.44603942852265643,-0.189472746944405,2
-0.20162023473854,0.8418867864627291,-1.51113443191431,2.1044919556315325,1
1.4723711054844497,-1.8144250625283433,0.7874160473478165,-0.30076605053024486,0
0.3247794227128534,-0.3534406498327846,-0.00034813529673563537,1.5274058414002643,1
1.2183906122482058,0.2747625905922919,0.5880213014850523,-0.3420982744127404,2
-0.2687397217696101,2.1437556271069993,0.9219800512695053,0.7859250496285991,2
-0.28503419313402756,-1.0475062757544003,-0.36227688465353775,-0.5833982841502076,2
1.0678713654578036,-0.905898994301656,0.22134141537951008,-0.8794092174393523,0
0.17872600126231136,-0.5680140100642953,0.10343753055154674,-0.780916390162178,1
1.2039491384559187,0.7540128333540391,0.48134683070050505,1.8703918132165118,1
0.3354968530667948,0.023554975768188255,0.6512448887900135,-0.5261761089935811,1
-0.9873865327868956,-1.9805014592277088,0.5245128950031568,0.5509670230770845,2
0.29981608259899184,0.2461692844069936,-0.997464956140289,1.9230566966179805,0
0.5592667574901958,-1.8441236413072408,0.255877610020201,-0.573177903081498,2
0.6029604358413799,-1.0238120571737104,1.1000952911424178,-1.1947213660052853,0
-0.5675318356431698,0.5886047376803011,-1.7504569262544183,-1.0161671317914798,0
-0.11350515103938331,2.2981211891690543,1.0931712080637734,1.4365561041109516,0
-0.12643615319842957,0.6050802676970485,1.7168159802858356,0.18523895216701874,1
1.592105191419762,-0.5922830895815127,-0.6689752547493131,0.5519271366168429,0
-1.2975848901936933,1.5071685562321775,-0.8114359966526173,-0.3503251004435512,0
0.2470757607811316,-1.3134082955947326,0.45575000616883377,-2.268840333299506,0
0.8555584086734165,-0.8995491402745455,0.4502037556283549,-0.3757844076586032,0
-0.4473523401067211,0.1691445516117834,-0.26341003218793635,-0.5943554368519519,1
-0.9455738068994182,0.0390008461012048,0.16446706804224184,0.8449138543131032,1
0.6892319014707476,-0.5755914872439081,0.3002978438882691,0.6916563739210998,2
-0.07286567488500828,0.2628001812222569,-1.0423445645330827,-0.8734004592933752,1
-0.11013956416081319,0.08438115501333174,1.2360930291143706,0.11782456148694817,1
0.9643925958752613,-0.036125490143757204,-1.0032544350556913,1.353833200127987,0
1.405254885884652,-0.5708918917868364,0.8047921269546147,0.09343560529781032,1
0.30452713100945217,-0.6262110907779399,-0.8298877493299842,0.5958155366315095,0
-1.0346820827346779,0.738215417234841,-0.041528614140381434,-2.4050942904641612,2
-1.2997522344106993,2.050037775156576,2.10281137366271,0.713259017829606,2
-1.050941859640364,0.7884513201113494,-1.7750439588962703,-0.6960830570899817,0
-0.6534111294876778,0.29602911405150045,0.0001048791936170661,-1.4162315415841111,1
-3.4789527766382897,0.8855954039832975,-1.6064242915371125,-0.12270493852636229,2
-0.9462140013351725,0.1636061150061403,0.42384022400308025,-0.4904599371115037,1
-0.30250595325904783,-0.5933135023046486,-0.5356884823465906,-0.04049872812104348,0
0.4218431388421572,-0.8204963004161935,1.939020177855812,-0.9077611300344517,1
-0.9419249658248245,-0.9692120319061924,0.5801884465066598,0.9684414526036066,1
0.9510130472830741,-0.9651205098673646,0.5596233758101664,-1.4293781755607675,1
0.34513860650839584,0.34934976843817456,1.1830142002699626,-2.2857066111810846,1
0.09227827299794926,-0.7769122237963708,2.2685402109866186,-0.8888969456611285,1
1.6217105896459811,-0.6523312817319131,1.168491773646788,-0.08646735530077551,0
-0.21128714572387028,1.6685828381305345,1.7547653004281667,1.8962454937499722,2
-0.5742241373795838,2.118755194843821,0.7831832620620028,1.3378125760270525,2
1.1396175831629105,0.6018286176241895,0.4986787869521937,1.503846875730336,1
0.2610186495166411,-0.12935148830483462,-2.791417854830426,-0.32794445841512154,0
0.6145434345326777,-0.39023365340063965,1.192871416723659,1.2371106299835695,2
-0.8951214146543192,0.5641552936325372,1.450276761186924,0.07298627180797417,1
0.8756686890193789,-0.11265421971502802,0.9561136552091968,-0.6095770838333373,2
-0.3747553181903882,-1.3541244207249241,0.2045363139435194,-2.0433735672246574,2
1.5488219894418658,1.4688892324325669,1.5318412928899061,0.2138634940449816,0
-0.36305667168032807,-0.2933205810814139,0.0761852001749267,2.11568137233656,0
-0.9981375730079324,-1.278250634975573,-2.2504370453121267,-0.9375900773978941,2
0.3670467865026315,-0.5585787251190192,-0.8852353664708948,0.6993631464332745,1
-0.9535085375173248,0.9334659002461033,-0.5473768180435681,0.012213358271496983,1
0.23030320634251697,-0.30342875255195473,-0.022576239430312443,0.7611297884306234,2
-1.7497769669651664,-0.21013029589985463,0.4817207670790177,1.453054613958918,2
0.2015015972865179,0.541377951935258,-0.19273081893837885,-0.22369947403505688,0
-0.8763717247351113,-0.2019295835428924,0.688340047927841,-0.8479177577745733,2
0.28269829857441164,1.1595592066580345,-0.27681005222752986,-0.28463516160099395,2
-1.9092755584776162,-0.5009472317714447,0.43656323693769694,1.3241031373675025,2
0.1409124285244168,1.5489053362415623,-0.8173179570519334,-0.8087180027981641,1
0.030563620830009994,-1.0102349859363018,-1.790442582134441,-2.3655305832616635,0
-0.03636130067001905,1.7135639590243334,0.49213081227164795,-1.4662857735917427,1
-0.5833723130605369,0.20173120368496153,0.723589533975282,-0.032397367351232144,0
0.29225377480090686,1.0182728660627842,0.0226070997882814,1.3803491986701322,1
-1.7690489251751842,0.3323363600352363,-1.0968892263068761,-1.6081764094446362,2
0.3115385116612206,0.6419122366245315,-0.01576372446272575,0.035974166217055036,1
0.6363921235520201,0.2950971482389548,-0.9505065771250751,-0.9837156176634321,2
0.39903192119956404,-0.0005812039948178589,0.4597037822669686,0.7923748937735918,0
-0.7844047924354366,0.9058136260408277,-0.8511425568002333,-0.10431027501171201,0
0.2047173143381492,-1.6390851316738224,1.405581848512612,-0.327143656042326,0
1.4971218287445984,0.17558400126347254,-0.1857550791538665,0.18911842562318176,2
1.2826233914714575,0.22443810907084877,0.9956276446936235,0.4037337646721591,1
-0.7696933915650189,0.2029340096094269,0.4607451077149416,0.5679671614978019,0
-0.10689575082462227,0.14091317254835814,-0.042713153366831846,0.4849200396719188,0
0.17957257692382347,0.5696865797829435,0.12487730414884803,0.27564926667018086,0
-0.7747950239427034,-0.9437175037953761,0.5850846668702692,-0.6842316435653996,2
0.48052216216251864,2.5882549329222284,-0.27742152058898956,-1.5257216213837892,1
0.4659355540571704,-0.6629650281273105,-0.629848700255702,1.3869115009071338,1
-1.0743176539258428,0.013288751888344875,-0.156180538464362,-1.3144049006834346,1
1.2130412822276464,-0.0002487613011046954,-1.1291909282493862,2.0165983278656574,1
0.15891469742506192,2.6124901348454497,0.09809539038118113,-0.5027073613103614,0
0.32483070264800085,-1.5081361230094736,-0.7720026465742961,-0.351409062296032,2
1.2152085740666596,0.44731921236888045,-0.7586985792218446,0.0639361962355918,2
0.21725844170347286,1.1320786458246108,0.08668290398793406,-0.6171946748166629,2
-1.2085483880760197,-0.35228205815683494,-1.3794687084827573,1.5044626400778043,2
-0.8669093657010158,0.8838133591943274,1.0591119969981595,-1.735948550073776,1
-0.5632135608055435,0.479500765056238,0.7351653832104214,0.21801387857846113,2
-0.3856868167755259,0.7909562832072052,1.190045464067482,0.32950547342504144,0
-1.246167632738517,-1.0737274930959073,0.06630675975876307,0.548852515707516,2
0.12103654412366868,0.3892872775906581,1.3430076612162014,0.25117334844610384,2
0.08676305268458044,-1.5364349625814877,0.05223469624118338,-0.7652325443788219,0
-0.0762241002786742,0.9624528198425927,0.08819024709894627,0.00022383692716743976,0
-0.7000371540465938,0.676376550497369,-0.42778726639792963,-0.55512025575458,0
0.7759344653168814,-1.7847898957896224,0.1050261711312872,-0.7475419409689051,2
0.6941233357433753,0.7890588315841081,-1.2599835109485995,-2.0563939907999003,1
0.06595095859258368,-1.7909020922406227,-0.8015573087903765,-1.3224585938501268,1
0.025490123282791332,-0.5362898412726366,-1.8878822766866705,-0.04471250614232792,0
0.6997274522064371,-0.324195158702587,0.7090611896553058,2.5729241286265547,2
-1.7405592078530037,0.6968258376802395,0.8884282410668762,0.8145942416910892,1
0.8917558072057643,-0.34490563005090186,2.015108996820596,1.6045623778222453,0
0.9322133125286398,-0.5395020750090359,-2.0196493377418068,0.6040681871070874,1
1.0979340757628107,1.1494425342163785,-0.11246518031637921,-0.2803746257384627,0
-0.4506941690440447,1.5804447559809967,-0.00627367859670415,-0.6118288546176484,2
1.5206451051474603,-0.31068217997042913,-0.27171680879261706,0.7461487123521802,0
-0.18361786964296345,1.4905511452728557,0.11749250821175132,-0.13544105506863008,2
-0.7581261159730857,0.7507676843216581,1.2427694962550386,1.0502034385382986,0
-0.02156865348754017,1.1936980604253478,-1.1329446924231945,-0.5429558535400003,1
0.898726017687419,0.14575153987662723,-1.3097749976808357,0.004268195842659044,2
1.2656082761791696,1.3245201685374395,-1.65161039626352,0.7395673698334067,2
2.32305563264922,-0.27735283990825926,0.8437350695574705,-0.897292780264394,1
1.0815858477877012,0.1870259836991759,0.19140514340746087,0.6910096581937845,2
0.9493931632887456,-0.049396476899569206,1.15267513776354,-1.130306913514423,0
-1.1601115970848137,0.30153745799801246,2.4800068396592043,-1.2472041866573653,2
1.116760806305094,0.17600086901945275,0.07406573825399496,-0.12832692667451334,0
0.3192730514473651,1.3986735658189595,1.82658597135035,-0.6662475737450811,2
-0.37160900833994487,-0.37419631004270854,-0.06910007674007948,0.43225303896547274,1
0.9340089973325448,-0.11032207376682883,-1.2407918907623745,1.23861463349227,1
0.6426159463158589,-3.0252158654538777,0.9792066159735987,-1.738747957080961,2
0.8217924950379938,-1.3299403532750675,-0.19829068979552897,0.09296472122066293,0
-1.4042216659764444,0.8068268661298695,1.0276067416889052,-0.6873327213620208,1
-0.0591250643975929,0.871518059334273,-0.33218001234048933,0.25012124150325066,1
-0.9009344656673244,0.1512133724062351,-0.9692552697371382,0.359646306940984,1
0.5200546691571355,0.6158089327429271,-0.04251479917981758,-0.18237594623940406,2
1.5234701439803275,-0.7726408457853061,0.5710499949511247,-0.27901638312463684,2
2.466553118517718,-0.5421087243403885,-0.3875705275618479,1.5038725861690958,1
2.163289942477322,0.09622076026105704,0.0561874417183432,0.3673503836640149,2
-0.20759933695067576,-1.3446948160965568,-0.3745733637448716,0.5250351514333077,0
-1.267154471631801,-0.2253239060405563,1.6378385645007525,0.77471011117026,2
1.272524295434069,-0.4151135815370055,1.6902047571223164,0.6255474701143573,0
-0.3975190291719799,0.271310360143038,-1.1219405367452024,-0.007172863247287946,0
1.2366932377943671,0.22224458754948812,2.2895878948043795,-0.12772187826050693,2
0.37443192524521607,-0.24355975483801803,0.3290799118046677,-0.055463556294847845,1
0.7414044285743708,0.19843326347105308,-1.0414480513630593,-1.7337299997421793,1
-0.40373360872930064,0.17790794559588588,-0.3721881293729526,-0.7032086340159936,2
1.4060211421585471,-1.5459452602255073,-0.530402735604417,0.8952229999543442,0
0.13966410252752254,0.19897684683830144,-1.100562542757526,0.3280876341316044,2
1.1860669897194014,-0.7274697020709074,-1.8878185384765036,-0.47853409533612673,0
0.4064493800998409,-0.5300472466767586,1.4267303895330858,1.0786397289279022,2
-0.251808344521768,0.9133602259629875,-0.04291325645295483,-0.29394874365236723,2
0.8546453738813474,1.710288863544766,0.020051888436285865,-0.3070223512136892,0
0.2666552606302123,-0.4436431737078716,-0.39401504388694136,0.27985992801118714,1
0.37095861318782025,0.5632456654403879,0.9987158754935109,1.1760332083661065,1
-0.00014412513182708106,0.33726517815647666,-0.48525016029871304,1.3476895556197928,2
0.5700886085520116,-0.8750620668603023,0.3546647776181515,0.015596986096317754,2
-0.5543620286201177,-0.2712459551477189,-0.8739603768860533,-0.25639017078255627,2
-0.7288359394536198,-1.4730064450510767,-1.0344499787884582,-2.0786737312340553,1
-0.3457538085528209,0.8197118675574049,1.3081225157289362,0.04396998467395969,0
0.6161706804633569,0.8665393580739063,0.09757536996079964,-1.251132348878185,0
-0.16926420870259096,0.02150364700467651,-0.5244019703050149,0.22238073276781758,1
-0.8635641744754888,0.6147292497107005,1.522283243225962,-0.027118591306841,0
0.42576493831084344,0.7555668858612686,-0.9262598729516767,0.5684839198291203,2
-1.6339325383423744,1.9076312412883727,0.11165086485250897,-0.10380534929522633,2
0.42111334428514824,-0.39452635967986627,-0.5033748875099346,0.9676429921958237,1
-0.6045395396475279,-2.1094460037190257,-1.1185200532356436,-0.975055081334766,2
-0.5523954211345093,-1.6760772893889897,0.0927423488915963,3.055655033022003,0
0.7790269760542782,0.9536297992569388,0.6051900256949735,1.278641515839243,1
0.5421153003093783,0.45109532797270874,-1.002109355584363,-0.9432964749181693,0
3.6404677680034903,-0.8352824459279147,0.7806649761908703,-1.2379812066236742,1
-1.060569552128014,0.07694924620919037,0.7007101096309569,-1.4304050713487082,0
1.4489086527016373,-0.09247768099230197,-0.9602322630816652,0.3322967448913686,2
0.26569374257634654,-0.35414003260308613,-0.4321413667394479,1.0648203546416593,1
-0.6477232962289439,0.2215927254302553,0.7063839490408994,-1.5860013162230804,2
1.266560305708013,2.1818522583328073,-0.2702583833235207,1.2558201158627853,2
-0.4105738783377235,0.35587365293545364,0.8514475210484378,1.406500047504923,0
-1.3582449482013237,1.80838930871779,-0.15801417161418463,0.5170856389153586,1
-0.1261319460684675,1.1957106999142824,0.9887079919386015,-0.9868737832718818,1
0.2054789370749277,-0.5445983763944529,0.5325038932553511,0.7947615374629445,0
0.39612437637210074,1.0131465560852113,-0.379627831654779,-0.020180145362463715,1
-0.29114596621599415,-1.928786571973799,-0.8071043624682882,1.8229397149485156,1
1.8325428666918455,0.25555669781898005,0.625106436043493,0.14268746056542583,2
-0.3714104297490228,-0.27498943442574053,0.1345673004969449,-0.1120856403863119,2
0.23909464955856014,0.5429243368488934,-0.10995584833175721,0.11527892170765357,1
0.20941645400533826,0.040638073449277924,-0.8765186078541087,0.19104966547468674,0
1.1110545618825856,0.374053505882892,1.016447842776738,-0.9052448759172148,0
0.3364394414561158,-1.2022407688832752,-0.24584344942463984,2.744753781289866,1
0.018071549856632826,-1.1471595440301126,-0.6809641052745713,1.1330247201888985,0
0.8034272036271812,0.02137713173806683,1.4024802822326898,-1.9831907853973265,2
-0.2521177819463496,-0.4329235324779888,1.1421792719853563,0.26088819459602774,2
0.26875958945989487,1.1342460352515162,0.6894224513764745,0.9256891446922829,2
0.2156192031843352,-1.2533257469081718,-1.1335112629002069,1.9855274761491366,2
-0.06019019785468882,-2.4477692237057207,0.6362647863046861,-0.05258631084789735,2
-0.44202718442143885,1.566486713556739,-0.08448577805942792,0.2349784435474752,1
1.5689028967518772,0.03575875236244577,2.0156723572187554,-0.1492315174704173,1
-2.1865598528808805,0.8028704596508461,-0.7079801790630519,-0.3826685746722769,2
1.15279281135157,-0.6108386973577267,-0.4755596759100129,-0.9022672994725615,2
0.03427320792164527,-1.0026251042548315,0.9306329170134315,0.04400360071448303,0
0.2502204734640888,-0.17161836213355625,1.843980602674569,0.37968893235011125,1
-1.8010360051261516,1.9444274044927372,-0.8227793337676612,0.21167338401874788,0
-0.5389588262294356,0.47465595579244485,-0.03696332489993427,1.2359672636249994,1
-0.9247872805939844,-1.164753708801007,1.2821183654205526,1.0138065512773207,1
-0.762196701022113,0.30408749901631094,0.08770373910089345,-1.2338775648898062,0
-0.13092315285485112,0.6010076127756413,-1.5911791418344143,-0.28263102520586775,0
-1.8193935138299853,-0.36026067568275866,0.5877174265956424,1.2952405958610318,2
0.3572515623185879,-0.521738510181139,-1.3601387907905271,0.47863897651142784,0
0.03514532255206396,-0.15189916569198986,0.988277406608744,-0.3692479481669991,1
1.526347017391231,1.1738240053544224,-0.9938474658881847,-0.03543565793557816,1
0.30097171229755515,-0.7770739313682902,-0.5631020190249783,0.897950938741418,1
0.6972653947067755,-0.24196980861911016,-0.22892668962445406,0.6688483250505495,2
-1.0130432753848473,0.5558909554982456,1.8878649856298435,-0.016507247483975515,2
-1.158013720805231,0.2591722797331408,1.1890035212155716,-0.7469947457518209,1
1.7320543060316238,-0.06777119562588738,0.873373459008747,-0.5833517406519892,0
0.5724113713868791,-0.2819117296423232,0.373799643139673,0.07789889504186583,0
-0.7818061168600344,0.17229620385896458,0.7296471373347792,0.12270872221038169,0
0.4185726848352064,-2.3356098732862005,0.27818355540946754,0.593962136150383,1
-0.5075395696747541,-0.9578114413442527,-0.12281808980109528,0.25538049884346437,0
-0.2622905203088841,-1.5100536128318307,-0.33974770149618905,1.014957076278838,2
-2.608483765171927,-0.011206169543525645,2.6351782432777755,0.9499365893200573,2
-0.39412952835707005,-0.6940808785299861,-0.4161189914303504,-0.015771679891694854,0
-0.8962459241205248,1.8364443744687315,0.7146480924620937,0.010482007870570761,1
-0.2133754974168201,-0.5936891247102156,-0.856253264417864,0.400605705047365,1
-0.5140994309161816,1.8428338854810953,1.2273190478097746,0.07584632962357217,2
1.3805412729954614,-1.1915328077839626,-0.9039764644727544,0.744457702596969,0
-0.14762980614138688,1.1042701374417165,0.6543291785532666,-0.0002756937527167653,0
-2.0486951058348213,-0.36876711714928584,0.0862377198803678,0.5276491081452305,2
1.0996307107480825,1.5856092015082792,0.8435510698517267,-0.5313185489908562,2
0.5584797694155956,-0.1450069989974062,0.33645666698239074,-0.9070862059249726,1
-0.33796891958257297,-0.45732661626648563,1.1613256136985801,0.29031622217875985,2
0.34240198499744434,0.899883785049211,0.508174673145046,-0.04135189296734384,2
1.2083281055849606,0.600800790953375,1.51989373692404,-0.22319784234243112,1
-1.3306097314949334,-1.8900021741526143,-0.0225057855815293,0.5895542673441675,1
-0.10952649378991318,-0.08507524409319361,0.0061644994515423395,0.9909737521354968,1
-2.171866786197476,1.8484568404051607,-0.05353942769170939,-1.0694292855391425,2
-1.9230777631557896,-2.117399687794612,-0.4072142179199803,0.36544838550349756,1
2.2434713346571167,-0.09572152537091097,-0.08198339387072602,-0.8807490346282683,1
-0.2152462758044186,-0.6999610117818386,-0.7662442903542508,0.05358705294395712,1
0.4694696405947928,-1.4667584359080694,-0.4002570863191294,0.6745382913967579,2
-1.2460199146041855,-0.9998127550953727,-2.0410029944156847,0.2593688543816503,1
-0.8738222419813949,0.0041556403711701705,0.2459332047491012,-0.15535693658140526,0
-1.1970003198863763,-0.20692345359113595,-2.6714437206614194,-0.7536271973810994,1
0.4537798792882545,-1.0569935889681448,-0.4731354195281228,0.5379815428169717,2
-1.4027417643856865,-0.0338822345621208,0.36583348886145844,1.334676014454508,2
-1.092187281692727,-0.4806415085212672,0.36517062513095483,-2.902731132722056,2
0.09190729416986566,-1.058026794934111,-0.9238941192949042,0.15931470299975098,1
0.2924223789299906,1.9374820446974856,1.8548906700223216,1.3601902749159451,1
0.7606876067072609,1.264907204042873,0.13745998028796905,-2.0058958364149246,1
0.2852361353524095,0.011317327643603842,-1.2627517126163215,-0.6987135890206366,1
-0.20198222242432012,0.19845257390292761,-0.02211147455151766,-0.07751621212171998,2
0.9503678339820292,-0.8216515934287837,-0.05665837474186064,-0.8454719646965652,2
1.280384399302527,0.7274202550540184,0.4111976675022168,0.5726945491221981,2
-0.34537719058842176,-1.1322093989208077,1.3356291233106685,-0.8041688539714124,2
0.3738795468931456,0.020703542654364512,-0.7899654062972451,1.3883205604958242,0
0.6085505152681825,1.9053293169286278,0.7163478923593651,-0.8773469221322993,1
-1.617188519341242,-1.382798301132385,2.1370593816044465,1.770049901081974,2
1.4727576019415358,-0.3815409758519898,-0.5930530421288678,-0.7549296115761097,0
-0.5772588791162321,0.44689864795215095,-1.0391477502395936,0.45833586312525254,1
-0.5257261184713602,-0.5499347737489726,-1.1014774213845646,-0.2832718200697462,0
0.15365512956820324,-1.0599974471411455,1.7066208955957387,-0.44695428058255404,1
1.7330807499664311,-0.335484508883618,0.6866399887812383,0.9962815039988783,1
-0.027463906375688272,0.3944227571080389,-1.5645985588103866,0.882323235669222,2
-1.4398971504847784,-0.22302186939960883,-0.2274956618527366,0.6294788463772066,0
0.853680273333178,-0.13182839380546602,-0.7778978313032656,-0.29309634729226924,0
0.12757603395913106,0.8922731569867768,-0.532508434447511,2.1037950629336577,0
3.0943502132508183,1.499335299452762,0.2539247565869236,1.1191132390649179,1
-0.3326999266007716,-2.625995799748494,-1.0604203365400429,0.1727680420456456,1
0.34612085805979825,0.7901011112017238,-0.887310289339346,0.40708301883150694,2
1.6302522958645944,2.274463721243304,0.9209705999665921,-1.0014033299643255,1
1.8354758519044732,-0.5686121515081725,-0.09701067430341828,1.0984781167574893,0
0.06153506255258127,0.32322112400830516,0.006431818280349741,1.1107128677426013,0
1.1628177477188277,0.8139725065210225,1.6170492583985157,0.01268977984177955,2
-0.5796612705171976,0.9527292102006674,0.48302167691339215,-0.4807721148826488,1
-0.5936553193364639,-1.0065708135118916,-0.7657910486453248,-0.2742705420919494,1
-0.8355170724786494,-0.3280230820696713,0.2995941892287842,-1.4330521646077383,0
-0.639162439580886,0.04433748700495069,-1.4341043508180107,-1.7174221224401203,0
-0.36223072453660193,-0.35134284818115785,-0.7472141913999358,1.2918374256574479,0
-0.22788229834564955,-0.3796261194568116,-0.43435138909282706,1.9831611024045248,2
-0.6337663547428004,-0.29764432655744405,0.9415243239337104,1.683610258892165,0
0.8877821756577925,1.482529127833779,0.6486520809140606,0.8506347024601343,0
-1.4064125194250416,-1.4106679392851988,0.546245064284748,0.9968202483819594,1
-0.36042808305817775,0.7187947241591274,-1.7078971380487424,-1.9366404519658877,0
-0.47633745632911195,0.9692166755612921,0.3019269141639353,0.7837505686444363,0
0.2553716283821108,1.4730922773183321,0.6253285952395714,2.0855998955038983,2
0.0304758189265223,-1.4612077969033983,-0.016525582955745546,0.9541273713252063,0
-0.09385670845065401,0.2401601868252006,1.1351639013684303,1.9616616802055817,2
0.926828932767619,1.0934588727583068,0.0028654089693880345,-0.24905253913910402,1
0.5503189072823751,-1.0347932563788995,0.6016175098099202,1.6666802374410064,1
-1.938794095431774,-0.3252733806918527,-0.10437979925502688,-0.4818600053417914,2
-1.5507607388585776,-0.3776905825739613,-0.4111162690671872,-0.6092553470570521,1
0.14260367864855586,-0.721537392731807,0.420898999865043,0.270814298153846,1
0.5772368726972664,0.7517348584119565,-1.3712389009264376,-1.156307945148703,0
0.9242144722456156,0.43902233160824916,0.7901252373984781,-1.9931415382142357,1
-1.4020950426194685,1.7614296987348466,0.6804174019422997,-0.4846709915833505,2
-0.5608261437925933,-0.2936617621381479,1.2125371661001998,2.454457253530333,0
-0.1734075420168536,-0.0955980181944308,1.191520853366952,0.7379588784564203,1
1.269656169947844,-0.44855695560877806,-0.6723234597970866,-0.3529964179885922,2
1.2539214667936882,1.821925244659994,-0.3329295897738383,0.475144475484293,1
-0.37278894127706586,-1.0736068236120577,1.2913107702466877,0.31278030106893207,1
0.1476696338866226,-1.5341293839617123,-0.9403056986689868,0.33852754938072166,1
-0.18302936632920658,1.470788782200077,-2.1505776665084877,-2.0739175058141197,1
1.1204969605478996,-1.2618548179034956,1.0387933651006005,0.6600812508152069,2
-0.32466381051729076,-0.3477103043127968,0.5115491937326155,-0.8765334776950029,0
0.22177904287470737,-0.1291120358536481,0.2772592233420364,1.1583452641865644,0
-0.21806363352939295,-0.3655858147869969,-1.241826938655935,1.1640232581084484,2
-0.01376067746362585,0.045894361980110064,0.48604714011707373,-0.6615290362496472,2
1.1756623142348905,0.03942134797074786,-0.5193485643279886,-0.40777172712170473,1
-1.4979532754306382,-2.926872759158628,-0.43245828821892657,-1.2209989892692434,0
0.1652442259259536,-0.010343717592439234,0.34875587499637484,-2.0487710762043463,2
-0.47134249060279254,-0.9284171956644357,0.2927489589054747,-0.11215548914516668,1
0.9620402732782454,0.4413395713435559,0.09889306820509002,-0.8316857903861191,2
0.5014643687386068,-0.8914701392888643,-0.34705576599972926,-1.1636989989457847,2
0.6293404837063368,0.04302008627410434,-1.0221447729963247,0.760194919246831,0
-0.5742772248135172,1.3333303544212693,-1.3533054048482223,0.38297015669945944,1
-0.640868901413269,0.5034283959513071,-1.318059263777427,0.11604735230187282,2
0.05903678873872758,1.1770833410817159,-0.3618516089839747,0.2763772675929929,1
0.39258673309860354,0.9248405725670352,-0.7624477204710047,0.42004586220408774,2
-0.7476594914279115,1.22559151273222,-0.6412178481238465,1.2506594519633003,0
-1.369675065791722,-0.9766989576920914,-0.45443642420502467,0.36299143560065317,2
0.9941005745765136,0.047048727060450386,-0.2633082548786383,-0.7478538023757194,2
0.25199475652319414,0.5861385604738839,0.8412834622479889,-0.11511177185107346,0
-1.2667162878258065,0.43295457819423766,1.3593330299204442,0.5648197198709352,0
-0.6470615061699336,1.6433080054552585,0.8405703254486049,1.1196661916772928,2
-1.5476389460982232,-1.9287371881459043,-0.7896482060110718,1.2581683945329056,2
-0.36356326671760525,-0.7691777573955991,1.1805541159865922,-0.8089729133948056,2
-1.976207306622782,0.38105448442716994,-0.2066176375730773,0.7287836616808627,1
0.37319057410572926,1.0657273535004177,2.189028377471001,-1.4521686316634246,2
0.31949331615633353,0.452393486053823,0.5029654766345283,0.836169429592704,2
0.3075103933026751,-0.37960899875570275,1.2702648036498163,-1.2691733885257848,1
0.29247085545958357,0.917523528898222,-0.2697687005586269,-1.0429068149382144,1
-0.04828050488643669,-0.03572118145076833,-0.5150924410702401,3.2621572926148574,2
0.8361252916813456,0.5764817725982274,-0.25764601173516416,0.37902197076001204,0
0.3420142643342502,1.3638314641240936,0.5005927104933549,0.46159019020702513,1
0.5315806727413023,0.866980108317134,0.09867583497625765,-0.12727324465511652,2
-0.18498421426205605,0.17710188551647285,0.14361257777774056,-2.585363229934494,2
0.9444264322101275,0.43574356257806074,-1.7519003350150895,-0.3272179399761003,1
0.16481536745853786,1.0713864406918543,-1.277319132661016,-0.4808936622184951,2
-0.40528276609524666,-0.6776286594607215,-0.8835334193167572,1.3604247886686824,0
0.04371588192074755,1.2081509723597879,-0.12580719170842133,0.45432848990717706,2
-2.230201503566097,-1.053590079165638,0.13227483991563724,-0.40545945060941163,2
2.494471813232649,-0.5650838738083319,1.6453103286769015,-0.9455609298122603,2
1.0348915120258795,-0.47932224229668646,-1.4333642425423034,-1.2765955242449663,1
-0.9008408120483608,0.36471033516777673,0.10698095401907914,-1.946114353715266,1
0.9337034925734073,0.49587821861767134,0.7946878798824104,-0.9466870236528794,1
1.2855686172118765,-0.9458711722296356,0.826966319073392,-1.4325117746012506,1
-1.0955228804420623,1.294994266507815,-1.3189403996378983,0.5802355025982636,2
0.1683801197319506,-0.6705020158580972,-0.23574165821960452,1.5126614028462502,1
-0.7370977955831969,1.104809130402824,-0.31924748362192934,0.4954037865911456,2
1.080212892527226,-0.7002417107429142,-1.4484780620384725,-0.34004839968958733,1
0.03320083825919864,-0.14879002789936244,0.5986421402557296,-0.37784191183922966,2
-0.11738343843402216,0.4098050036102469,-0.9071723484374756,-0.00912367867002536,0
-2.1641751182806996,0.29106390349693256,-0.037365818637017705,-0.6458426835302462,0
0.3883858889022102,-0.9169126234138747,-0.7958913533890358,0.8901252106962554,0
1.7839285529889195,-0.939018001848726,-1.1823829130379202,0.4937432803746406,1
0.41234414699011646,0.3299620051435381,1.2839500131742865,-0.3575544152605054,1
-0.23819548218745576,-1.3320771474415833,0.9990912023117118,0.4437159872698882,0
0.9223574222685699,-0.38834466658688255,-1.2776845013105091,-1.3247891112656907,1
-0.7916097330566798,1.042002951986345,-0.8810204461238189,1.133667601112982,0
-2.5451356580975735,0.8189373666378333,-1.993476455728757,0.872746848352725,1
-0.4782550407740714,0.39669798415930846,-1.3503181461235718,-1.5471665821384797,1
0.7558848178433476,1.0746930668149024,1.0501136608807733,-0.32531834532896037,0
-0.9958333204200011,-2.5909976000312525,1.0380440026983826,-1.3892887044195588,2
1.1064933509963462,-1.7404465890255896,1.4128982472054121,1.3172629574986878,2
0.057712618175452764,0.24082290244060686,-0.6538747517712203,0.36775562878641355,2
0.356273849859028,0.9121904887642652,1.4985698510411574,-0.7173385921373547,1
-0.34189702020088747,1.1544507426889539,0.6948438453620865,-0.6891725387436156,2
-1.6842899276837877,-1.2919587142224656,-1.1445756551945863,-0.25829294109828566,2
-1.3189571568491534,-0.850511611243729,-0.7729863933889489,0.396133205771494,1
-0.9265658495846816,-1.1046178414468433,-1.3124000388465977,1.2238678173357045,1
0.6346053478779171,0.40266101132600335,-1.4814111731848085,-0.8019535632796025,0
1.2524446549944923,-1.1778695508063028,-0.610180055645913,-0.5300486277219683,2
0.6832112360938549,-0.5748973495147669,-0.08436927533369158,0.1702492730545125,1
0.861376240528309,0.8160167277036632,0.3968600943191359,-1.7028746039212357,1
-1.0099268789623723,1.5026547281307052,-0.482185456871329,-1.7867020980536599,0
1.4625025434905314,0.4404850835839314,-0.40088477904196435,0.41493365913908536,2
-0.2903294548712604,-0.7049209852636628,-1.828447994726675,0.2976240699568675,2
-0.15761064582102122,0.5066158918957233,1.4579986113526346,1.6059206895238665,1
0.5882680743358067,0.03203733348573766,1.1428243126790245,-0.7591646110791991,0
-0.18132004255673073,-1.635591000632497,-1.683666794322619,1.034275487967577,1
1.4009711435530239,-0.47625607987336555,-0.7354648472816243,-0.6491456151131821,0
-0.8923102245892603,1.0540086366892643,0.4428216059392799,-0.8320992586779354,0
1.5587072555499333,-0.724797339661646,-1.5802238005378568,-0.3692121119680661,2
1.7794050820962586,0.5761107040908475,-0.6884583977589818,-0.887232672444081,1
-0.06957999552622918,1.4907675162200549,-1.5715307329355475,-0.1544848225234886,1
1.7211090121099837,-0.6630747329003753,0.08828139148638467,1.8973198823613147,0
1.24331428729185,0.7310704668654823,-0.5945998529287547,0.6328694527419544,1
-0.42523927741333184,-1.386377221827721,-0.6108380671871029,1.5442139224159575,0
-0.45209193767388894,-0.5713043874174748,1.111838483404761,-0.6006653603685068,2
-0.5851492626403805,1.7925549083875372,0.12839410124866665,-1.7733465269940187,2
1.1905836736762732,1.9645963194208977,-1.1153189691979217,-0.9998153255756618,1
-0.7985223372329482,-0.7608972048317869,0.48164571325495525,-0.19058448783080845,2
-0.5492560434396784,0.3695669196302577,-1.2658233576647213,-0.6068995426779498,2
0.8199441905401333,-0.6492788448061542,0.32547711813068436,-0.1907902335221211,2
-0.6639953946525093,0.20756916335769635,0.6301630697665906,-0.6184834702055747,0
0.6447572308138413,0.6820015477713094,-0.2195096682358025,0.05693571276421989,2
-0.13736901760240994,-1.4457965794103191,0.6395120289164661,-0.13934639051141284,1
-1.278432254368719,0.2417414662039998,-0.2358146544349677,-0.05358119283273575,0
-0.6194733303027118,-1.0537817387507964,-1.5129211637892914,-0.3219886064431644,1
-0.811503914229048,-0.4905800594984547,-0.04414552357207667,0.05376269641547996,1
-0.8908299570120903,-0.30120777265372845,-0.4738053947312156,-0.6797664619361896,1
-1.3232816643709246,-0.6871839848968851,0.02640291836710248,-0.17262769864197972,0
-0.04116033303449527,0.054589908001565525,0.28256759989942837,-0.24027883794791313,2
1.166383761470832,0.5232314216497277,-0.7058998712452053,-0.7186914695424742,1
2.162179714688349,1.2613951103238799,1.0829475229904515,-0.05737541493019911,0
0.13518453066287978,1.0800064014805013,-1.140901707612048,0.08660168695457185,1
-0.8152995354153993,-0.5795499321960825,2.055851922009744,0.21446225440287772,2
0.7140977704263395,-1.5915864551390944,1.055274676512354,0.619665299705864,1
0.8106098614946542,-0.4714922323668947,1.9196682360979103,-0.9926048661979355,1
0.20956582857265432,-0.6325329546146635,-1.9423117833580024,-0.9513322714787802,0
-0.07126142753808523,1.5010953293126503,-0.8555858419432757,-1.849853736689429,1
-0.01623448807241399,0.6882494412757552,-1.2248266712988003,0.8030050733772988,1
0.4140323158612221,0.12629969212096884,-0.3342200312842392,-1.0023906868563583,2
0.5165660682781401,-0.13455437178668062,1.400081603387547,0.7756216923476178,1
1.3202406257886685,1.7856644552007297,-0.18786938639557213,1.044667025898982,1
0.08510495151115122,-1.0541078345734893,0.2790083717351331,-0.9128632633260286,2
-1.216807926986011,-1.4965048250325037,-1.4744898520324445,-2.3012267163451874,2
0.5024906664113648,0.3053833316593758,-0.44970055938064124,-1.0168841324747964,2
1.23974768413072,0.6758588850822458,-0.7672900916730834,-1.0511456951549534,0
0.5430239131854777,-1.0919891549131706,0.35124874408123397,-0.26192178655806864,1
-0.5886994825595137,0.1283728265395053,1.0350578836721174,0.57122222897712,1
1.1839584661925855,-1.1792448019036286,0.6613947312607801,-0.4708191544978442,0
0.4925628069622453,-0.5538155486156393,0.2601528266778094,-2.2796522415293294,2
0.39574989347596917,0.3069308511736343,0.9404491658772319,-1.0541120010448348,0
-1.4392139786987364,0.44099025733115543,0.08546394787105834,0.41987961690586006,2
-0.6559901359854355,0.34873504546339235,-1.2615467907887918,0.5410399270576953,0
0.4953689869560862,0.9767667780107024,0.23594414261381202,0.9006681199191718,2
0.6523564659034778,1.8103302642848034,1.6011600656353933,-0.18174801332280344,0
0.23649075605136616,0.16361120996135273,-1.2729125821302434,0.025612892982610626,0
0.09213649860794997,0.10037253814735986,-0.6213162785659139,-0.38241488489547004,1
-0.9087288825861876,0.35282406719137627,-0.17008538621336744,-1.1217508064160422,2
